datetime,x_stere,y_stere,data_gap_minutes,longitude,latitude,x,y,u,v,speed
2020-01-25 00:00:00,241519.06768,280500.55392,30.0,94.2706,86.584,241519.067682106,280500.55392429605,,,
2020-01-25 01:00:00,241608.46713,280509.36014,30.0,94.261,86.5834,241608.51638461518,280509.3722417111,0.023222997737862492,0.003846714041436725,0.02353943144702847
2020-01-25 02:00:00,241686.27589,280528.29928,60.0,94.25379,86.5828,241686.2732658186,280528.2502653944,0.019076674081184644,0.003440914780334828,0.019384514142099837
2020-01-25 03:00:00,241745.86844,280534.14683,60.0,94.2474,86.5824,241745.8684379997,280534.14682812954,0.020902192280623746,0.005841419890372587,0.02170308338627964
2020-01-25 04:00:00,241836.72141,280570.287,60.0,94.2404,86.5816,241836.7690502391,280570.3084886051,0.022061025686477175,0.008816971690887132,0.023757690210483653
2020-01-25 05:00:00,241904.75591,280597.64238,60.0,94.2352,86.581,241904.70782294235,280597.6290243039,0.016770115411369867,0.005424106873631697,0.017625484568863453
2020-01-25 06:00:00,241957.51388,280609.36206,60.0,94.2302,86.5806,241957.51388120095,280609.3620580952,0.013036273752194474,0.0046661184617146825,0.013846194236717511
2020-01-25 07:00:00,241998.54655,280631.21015,60.0,94.2276,86.5802,241998.56899395815,280631.2250772283,0.01099634834502164,0.006424654751762218,0.012735614064677093
2020-01-25 08:00:00,242036.71276,280655.63365,60.0,94.2256,86.5798,242036.6875892851,280655.6195723079,0.008349691326988654,0.004730008070667585,0.009596370230695043
2020-01-25 09:00:00,242058.68677,280665.28114,60.0,94.224,86.5796,242058.68677151247,280665.2811353371,0.005838834384081161,0.0029183545914080846,0.006527540155826012
2020-01-25 10:00:00,242078.71668,280676.62347,60.0,94.2228,86.5794,242078.7271968505,280676.63172536605,0.007669980654374942,0.005316021335869057,0.009332131915157485
2020-01-25 11:00:00,242113.96968,280703.59623,60.0,94.2214,86.579,242113.91063222397,280703.55648895534,0.017444252235978234,0.012793929326702104,0.02163299710370895
2020-01-25 12:00:00,242204.32581,280768.74802,60.0,94.2174,86.578,242204.32581294954,280768.7480165183,0.018656426026888464,0.019702872716871853,0.02713421134645366
2020-01-25 13:00:00,242248.21786,280845.36448,60.0,94.22,86.5772,242248.23689961756,280845.4171725168,0.011848111308989044,0.02557520085472788,0.028186320092375802
2020-01-25 14:00:00,242289.66933,280952.97502,60.0,94.226,86.5762,242289.63221437426,280952.88946267235,0.010891849616269206,0.026399322229739886,0.028557951646661604
2020-01-25 15:00:00,242326.65822,281035.49229,60.0,94.23,86.5754,242326.6582168547,281035.49229257094,0.00790818181577682,0.02101763379248344,0.022456185559135484
2020-01-25 16:00:00,242346.55196,281104.16574,60.0,94.2346,86.5748,242346.57112344785,281104.21642597823,0.008917376263327444,0.02412313371625108,0.025718576549138276
2020-01-25 17:00:00,242390.88988,281209.25507,60.0,94.24,86.5738,242390.86332595066,281209.17885532795,0.008368776999777765,0.024594977006418047,0.025979786804711115
2020-01-25 18:00:00,242406.82632,281281.30026,60.0,94.2454,86.5732,242406.82631784625,281281.30026042444,0.006125622025170338,0.022551131537467073,0.02336828574832553
2020-01-25 19:00:00,242434.95408,281371.49264,60.0,94.2512,86.5724,242434.9678045319,281371.5470023977,0.00434148472048643,0.024086768735206633,0.02447490383395908
2020-01-25 20:00:00,242438.11424,281454.72814,60.0,94.25921,86.5718,242438.08500783375,281454.7249953179,-0.005564565126603864,0.016717803328574518,0.01761957244603606
2020-01-25 21:00:00,242394.90294,281491.91519,60.0,94.268,86.5718,242394.90293562034,281491.91518636345,-0.012351487472963829,0.014609619419991051,0.01913113228200992
2020-01-25 22:00:00,242349.13059,281559.91211,60.0,94.28019,86.5716,242349.1542980284,281559.91425514186,-0.013959780836307296,0.01996254516035454,0.024359365555714437
2020-01-25 23:00:00,242294.38405,281635.65825,60.0,94.29421,86.5714,242294.39251359893,281635.645511518,-0.01879669982212363,0.020143102285558902,0.027551052500576285
2020-01-26 00:00:00,242213.81806,281704.94459,60.0,94.3106,86.5714,242213.81805930912,281704.9445915979,-0.022011236126668842,0.026867229186585368,0.03473244189498453
2020-01-26 01:00:00,242135.9024,281829.04833,60.0,94.33219,86.571,242135.9116134869,281829.0895616614,-0.020671399579263783,0.03761219413035077,0.042918339994281934
2020-01-26 02:00:00,242065.01991,281975.76827,60.0,94.35522,86.5704,242064.98398233842,281975.7523893364,-0.02154908991500027,0.03437719564800823,0.04057283397528699
2020-01-26 03:00:00,241980.75817,282076.60537,60.0,94.3752,86.5702,241980.7581660989,282076.6053703271,-0.025135682980225182,0.03346426708640744,0.041852834199284455
2020-01-26 04:00:00,241883.96097,282216.69078,60.0,94.40058,86.5698,241884.0070648808,282216.69511235855,-0.026610941400621313,0.04263904641678285,0.05026162036345291
2020-01-26 05:00:00,241789.1714,282383.66496,60.0,94.42842,86.5692,241789.15938801444,282383.6065045279,-0.028374887236997083,0.048083173760945404,0.0558312262505273
2020-01-26 06:00:00,241679.70788,282562.89396,60.0,94.4592,86.5686,241679.70787677442,282562.89396343735,-0.02873809871859622,0.0523210639010924,0.059693986679580854
2020-01-26 07:00:00,241582.20491,282760.29912,60.0,94.49038,86.5678,241582.24507724054,282760.3181646158,-0.031051052258650694,0.050296239327508374,0.059109047842605754
2020-01-26 08:00:00,241456.16656,282925.02461,60.0,94.52163,86.5674,241456.14030051214,282925.0268865954,-0.04054360747383018,0.042518194673814125,0.0587501573215968
2020-01-26 09:00:00,241290.3311,283066.44917,60.0,94.5552,86.5674,241290.33110342897,283066.44916626724,-0.0507748436923066,0.03932096032637573,0.06422011112546117
2020-01-26 10:00:00,241090.57915,283208.13616,60.0,94.59278,86.5676,241090.56142592753,283208.1378009453,-0.05759139943814161,0.045066552765597914,0.07312840397149385
2020-01-26 11:00:00,240875.68806,283390.94291,60.0,94.63624,86.5676,240875.67302747435,283390.92834617954,-0.05986930913293488,0.05878708015588927,0.08390622723797007
2020-01-26 12:00:00,240659.5024,283631.40478,60.0,94.6856,86.5672,240659.5024001704,283631.4047780677,-0.05760981492475063,0.06468397695196068,0.08661932607672379
2020-01-26 13:00:00,240460.84572,283856.65391,60.0,94.73137,86.5668,240460.88236001614,283856.65298023366,-0.057197967933942793,0.06423895112177383,0.086013082592115
2020-01-26 14:00:00,240247.68933,284093.96554,60.0,94.78004,86.5664,240247.677031046,284093.9252261445,-0.06262608722786858,0.06873224337090506,0.09298466583404989
2020-01-26 15:00:00,240009.97453,284351.52513,60.0,94.8336,86.566,240009.9745319755,284351.5251325042,-0.07035914157738767,0.07120680112027912,0.10010403253261012
2020-01-26 16:00:00,239741.08913,284606.60413,60.0,94.89057,86.5658,239741.09121168882,284606.6141942105,-0.0721724432498498,0.06867493194042051,0.09962483546623392
2020-01-26 17:00:00,239490.32935,284846.02256,60.0,94.94384,86.5656,239490.33294057657,284845.9846424752,-0.07002673753898206,0.06674536305089229,0.09674030938108942
2020-01-26 18:00:00,239236.8987,285087.18081,60.0,94.9976,86.5654,239236.89870140815,285087.1808081769,-0.07693185624556968,0.060626242330205665,0.09794923054557304
2020-01-26 19:00:00,238936.44841,285282.50159,60.0,95.05237,86.5658,238936.42357560847,285282.4935872527,-0.08578390905518771,0.06005508131824576,0.10471624441761568
2020-01-26 20:00:00,238619.23505,285519.56993,60.0,95.11325,86.566,238619.2545562108,285519.5773936683,-0.09052794559273833,0.06388178531985937,0.11079797574366777
2020-01-26 21:00:00,238284.62237,285742.44244,60.0,95.1748,86.5664,238284.62236734075,285742.4424415557,-0.09657093565458329,0.05700360833047145,0.1121398991255809
2020-01-26 22:00:00,237923.99094,285930.03404,60.0,95.23597,86.5672,237923.9438194978,285930.0033736477,-0.0983229451173813,0.04655993256145545,0.10878983802121801
2020-01-26 23:00:00,237576.65143,286077.56985,60.0,95.29165,86.5682,237576.6971624956,286077.67395599815,-0.0995258185786103,0.03567609004847731,0.10572687437397131
2020-01-27 00:00:00,237207.35793,286186.87122,60.0,95.3462,86.5696,237207.3579257318,286186.8712219967,-0.10413388489556383,0.031545436270874534,0.10880707942483496
2020-01-27 01:00:00,236826.99632,286304.8508,60.0,95.40297,86.571,236826.93319124755,286304.80109714845,-0.10661018748802033,0.03737091495729854,0.11297042693101804
2020-01-27 02:00:00,236439.68841,286455.87383,60.0,95.46385,86.5722,236439.76457581806,286455.9418096893,-0.11052098141448369,0.04435739156174855,0.11909015710369573
2020-01-27 03:00:00,236031.18213,286624.17432,60.0,95.529,86.5734,236031.18212506326,286624.17431639304,-0.12095117900225887,0.04497487166560152,0.1290423449235707
2020-01-27 04:00:00,235568.9753,286779.83345,60.0,95.59936,86.575,235568.9160870018,286779.7608856816,-0.12785153123001994,0.04655610091126518,0.13606426632264867
2020-01-27 05:00:00,235110.57201,286959.28503,60.0,95.67166,86.5764,235110.65110020712,286959.37824295415,-0.12663846448674224,0.049250473383007275,0.1358782904514558
2020-01-27 06:00:00,234657.11914,287134.36429,60.0,95.743,86.5778,234657.11914269725,287134.36429403926,-0.12307986759712043,0.046139002423515194,0.13144375737311315
2020-01-27 07:00:00,234224.50682,287291.65471,60.0,95.81016,86.5792,234224.47605350785,287291.57906040346,-0.11628483377618573,0.0442945140482334,0.12443539103134724
2020-01-27 08:00:00,233819.78603,287453.21412,60.0,95.87445,86.5804,233819.8683395087,287453.28479518654,-0.11062960500755759,0.04340520504636516,0.11883989788469701
2020-01-27 09:00:00,233427.9429,287604.09654,60.0,95.9362,86.5816,233427.94289745344,287604.0965367373,-0.10442550545971446,0.03821693768202547,0.11119901310851942
2020-01-27 10:00:00,233068.05343,287728.50772,60.0,95.99157,86.5828,233068.00470019877,287728.4467464971,-0.10013499713100221,0.030730172114417656,0.10474426537337285
2020-01-27 11:00:00,232706.87726,287825.26206,60.0,96.04444,86.5842,232706.97091811022,287825.3537759611,-0.09699721875513205,0.024207218141269145,0.09997224543026896
2020-01-27 12:00:00,232369.62473,287902.73872,60.0,96.0926,86.5856,232369.62472516182,287902.73871711426,-0.08903449584084026,0.02155163588244856,0.0916057555988828
2020-01-27 13:00:00,232065.97744,287980.55768,60.0,96.13678,86.5868,232065.92254805617,287980.5255543147,-0.07741994293565464,0.02371372284885082,0.08097029217874992
2020-01-27 14:00:00,231812.15947,288073.42855,60.0,96.17643,86.5876,231812.2011360251,288073.477521626,-0.06336906995267783,0.023938793718439735,0.06773997985946988
2020-01-27 15:00:00,231609.66524,288152.88487,60.0,96.2086,86.5882,231609.6652443969,288152.8848690875,-0.04719487212010992,0.022482675889873967,0.05227644469168355
2020-01-27 16:00:00,231472.41837,288235.35261,60.0,96.23319,86.5884,231472.3980567603,288235.3527880331,-0.035785424826733817,0.02101449997960622,0.04149946794144097
2020-01-27 17:00:00,231352.0282,288304.17538,60.0,96.25442,86.5886,231352.0101856444,288304.18926894065,-0.027263822680138723,0.021879422716083355,0.034957476532540374
2020-01-27 18:00:00,231276.09853,288392.88463,60.0,96.2722,86.5884,231276.09853346332,288392.8846315889,-0.019765055121873352,0.019712436543777585,0.0279148268571229
2020-01-27 19:00:00,231209.6885,288446.14179,60.0,96.28539,86.5884,231209.70178876692,288446.11881205585,-0.01755216584528777,0.01021042523622681,0.020305942710572778
2020-01-27 20:00:00,231149.73412,288466.3733,60.0,96.29461,86.5886,231149.72293937724,288466.3996932897,-0.013702866427504179,0.0032622754119721424,0.014085843574084555
2020-01-27 21:00:00,231111.04115,288469.6072,60.0,96.2996,86.5888,231111.0411504889,288469.60719502205,-0.010602073484563638,-0.006941709184320644,0.01267246181970058
2020-01-27 22:00:00,231073.39742,288416.4501,60.0,96.299,86.5894,231073.38801028838,288416.4193871626,-0.004794542020758349,-0.015454151205817147,0.016180804141978766
2020-01-27 23:00:00,231076.4746,288358.30685,60.0,96.29299,86.5898,231076.52044793943,288358.33730634017,0.0003019892748448506,-0.02339879850064689,0.023400747184566487
2020-01-28 00:00:00,231075.56233,288247.94804,60.0,96.2824,86.5906,231075.56233306727,288247.94803795795,0.00106163358281871,-0.027870275456734817,0.027890487982436655
2020-01-28 01:00:00,231084.15872,288157.7131,60.0,96.2726,86.5912,231084.16420973573,288157.6713230517,0.0021755460238111683,-0.021046343992153802,0.021158487562625762
2020-01-28 02:00:00,231091.23088,288096.37812,60.0,96.2658,86.5916,231091.2262644387,288096.41436121444,0.0007723778547693251,-0.012201559201647696,0.012225981126349395
2020-01-28 03:00:00,231089.72533,288069.8201,60.0,96.2634,86.5918,231089.72533029006,288069.8200967998,-0.0034895142536657256,-0.0049225616280535985,0.006033930949929901
2020-01-28 04:00:00,231066.11264,288060.97436,60.0,96.2654,86.592,231066.10176181232,288060.97191749245,-0.0038396779064755215,-0.0007808216631302558,0.003918266057210733
2020-01-28 05:00:00,231062.0886,288064.211,60.0,96.2662,86.592,231062.07964936344,288064.1981808253,0.0014654356633683266,0.0026853335831805857,0.00305916951743921
2020-01-28 06:00:00,231076.6529,288080.30632,60.0,96.266,86.5918,231076.65289858857,288080.30631929135,0.0011172472014125863,-0.0008961920589758342,0.001432271453194401
2020-01-28 07:00:00,231070.1347,288057.76684,60.0,96.2646,86.592,231070.1238292136,288057.74559800065,-0.002860479560404201,-0.009288075833246694,0.00971857479261396
2020-01-28 08:00:00,231056.06431,288013.39158,60.0,96.262,86.5924,231056.05744575366,288013.432173292,0.0011179354486658768,-0.01634178317695235,0.016379977322020522
2020-01-28 09:00:00,231078.17296,287940.08476,60.0,96.2522,86.5928,231078.172964444,287940.0847591266,0.0015222159067545566,-0.03211490802706976,0.032150963575823456
2020-01-28 10:00:00,231067.07761,287782.25619,60.0,96.23821,86.594,231067.0174002823,287782.2048354971,-0.0040627572843772615,-0.04308506534455066,0.04327619267560353
2020-01-28 11:00:00,231048.8486,287629.78687,60.0,96.22559,86.5952,231048.9211119965,287629.8722886458,-0.008056913655281177,-0.043746267974622444,0.0444820168085501
2020-01-28 12:00:00,231009.00762,287467.23171,60.0,96.2146,86.5966,231009.00762196427,287467.2317060798,-0.013810241165580616,-0.04685531925118185,0.04884816990616609
2020-01-28 13:00:00,230949.52892,287292.59997,60.0,96.2048,86.5982,230949.4873756043,287292.5139900373,-0.019247482831071666,-0.04248784347620838,0.0466442112012968
2020-01-28 14:00:00,230870.36932,287161.21718,60.0,96.2016,86.5996,230870.42574558055,287161.3192330511,-0.018823859705755442,-0.035101693425935485,0.039830472952129575
2020-01-28 15:00:00,230813.95559,287039.7818,60.0,96.1966,86.6008,230813.95558572287,287039.7817973706,-0.018888297532951886,-0.03118573546172734,0.036459811847871
2020-01-28 16:00:00,230734.48305,286936.8349,60.0,96.1962,86.602,230734.4300033433,286936.78193772666,-0.023064067138645138,-0.02782814688867398,0.036143560314854786
2020-01-28 17:00:00,230647.84823,286839.33066,60.0,96.1972,86.6032,230647.89430232462,286839.41913977213,-0.01533829404316849,-0.0301766940776401,0.03385108756908967
2020-01-28 18:00:00,230623.99429,286719.50974,60.0,96.1884,86.6042,230623.99428623248,286719.50974036765,-0.007426627047142473,-0.0365413623451847,0.03728841577942713
2020-01-28 19:00:00,230594.49773,286576.36728,60.0,96.17801,86.6054,230594.4225875852,286576.3213308868,-0.009532675762877463,-0.042581625495198144,0.04363561317334111
2020-01-28 20:00:00,230555.30045,286412.82264,60.0,96.16679,86.6068,230555.35902073976,286412.9220368022,-0.003161879275366017,-0.04771716945605779,0.04782181240239776
2020-01-28 21:00:00,230571.65706,286232.75771,60.0,96.1472,86.608,230571.65705680256,286232.7577108032,0.0032296797388820173,-0.056744003236639806,0.05683584022899225
2020-01-28 22:00:00,230578.65769,286004.45612,60.0,96.12401,86.6096,230578.61271485972,286004.3652134984,0.0023550619436274347,-0.06379434557167567,0.06383780105608822
2020-01-28 23:00:00,230588.51134,285773.32834,60.0,96.10018,86.6112,230588.61350279668,285773.4384226871,0.0007841343178612685,-0.06254753440702593,0.06255244940868855
2020-01-29 00:00:00,230584.25848,285554.02297,60.0,96.0792,86.6128,230584.25848194832,285554.0229657678,0.005703066448339895,-0.05492767217921533,0.055222949377423926
2020-01-29 01:00:00,230629.6984,285378.00515,60.0,96.05641,86.6138,230629.67558122473,285377.95918299677,0.01189568253120443,-0.044461241272058236,0.04602509357226096
2020-01-29 02:00:00,230669.84361,285233.86663,60.0,96.03738,86.6146,230669.907396173,285233.902028609,0.013855049992267192,-0.03831733274852417,0.040745311377498955
2020-01-29 03:00:00,230729.43194,285102.07439,60.0,96.0172,86.6152,230729.43194116905,285102.0743872074,0.021014229497482623,-0.03250408339135497,0.0387054683279382
2020-01-29 04:00:00,230821.20637,284999.88683,60.0,95.99601,86.6154,230821.20984855486,284999.87262819125,0.024824755955309634,-0.027856036143097705,0.03731256166288033
2020-01-29 05:00:00,230908.13249,284901.51388,60.0,95.97578,86.6156,230908.17018404728,284901.5109269771,0.02107770087585474,-0.024834639617022022,0.03257343701729014
2020-01-29 06:00:00,230972.96929,284821.06322,60.0,95.96,86.6158,230972.96929486102,284821.0632229487,0.01838185984267006,-0.018783368149217695,0.026281318275623314
2020-01-29 07:00:00,231040.53003,284766.25796,60.0,95.94641,86.6158,231040.5195749145,284766.2706763027,0.01836876855925867,-0.014903052512575716,0.0236540193746475
2020-01-29 08:00:00,231105.21729,284713.75376,60.0,95.93339,86.6158,231105.22442848768,284713.76124485815,0.014258665883515076,-0.015452172177837281,0.02102567900904143
2020-01-29 09:00:00,231143.18197,284655.01504,60.0,95.923,86.616,231143.1819692758,284655.0150366223,0.009168975736033138,-0.015203832620285943,0.01775462312733321
2020-01-29 10:00:00,231171.23289,284604.32305,60.0,95.9146,86.6162,231171.24105378712,284604.2936499921,0.003824463872721632,-0.01474574710378268,0.015233633235786801
2020-01-29 11:00:00,231170.71035,284548.80195,60.0,95.9092,86.6166,231170.7181091594,284548.84565747506,-0.002491231544182584,-0.013496657964448483,0.013724649752035242
2020-01-29 12:00:00,231153.30419,284507.11771,60.0,95.9072,86.617,231153.304186669,284507.11771264806,-0.01007163455445051,-0.007338629475788265,0.012461673450275844
2020-01-29 13:00:00,231098.199,284496.04242,60.0,95.91279,86.6174,231098.20234036737,284496.0075252494,-0.02250553068757856,0.002759135855740169,0.02267403233216296
2020-01-29 14:00:00,230991.26244,284526.94391,60.0,95.92882,86.6178,230991.26436571844,284526.9834908094,-0.03273989293843948,0.014939489241490567,0.03598734400337279
2020-01-29 15:00:00,230862.47511,284603.57185,60.0,95.952,86.618,230862.4751112106,284603.5718477881,-0.03861162795947975,0.031315312272021806,0.04971424942987189
2020-01-29 16:00:00,230713.25088,284752.44291,60.0,95.98478,86.6178,230713.26064441018,284752.45373916795,-0.04523946684748807,0.044402323282273656,0.0633890816585042
2020-01-29 17:00:00,230536.73843,284923.30261,60.0,96.02303,86.6176,230536.7509499087,284923.2685754205,-0.05383042392778508,0.05129735784559873,0.07435814321366871
2020-01-29 18:00:00,230325.68159,285121.79472,60.0,96.0682,86.6174,230325.68159213013,285121.79471565626,-0.06317271588570293,0.05489979331229632,0.08369455978800892
2020-01-29 19:00:00,230081.90799,285318.55819,60.0,96.11717,86.6174,230081.90739553163,285318.547087269,-0.07782010570305121,0.055007067577486544,0.0952981969142556
2020-01-29 20:00:00,229765.31259,285517.81159,60.0,96.17525,86.6178,229765.37683106816,285517.84560221416,-0.10210298027750267,0.0550902658680732,0.11601705036313882
2020-01-29 21:00:00,229346.76594,285715.197,60.0,96.2456,86.6188,229346.7659375336,285715.19700151915,-0.11575246248011858,0.054298462245650526,0.12785521331746155
2020-01-29 22:00:00,228931.98165,285908.8445,60.0,96.31516,86.6198,228931.9591012113,285908.79453038285,-0.1123503305917014,0.05524003080697083,0.12519607736514624
2020-01-29 23:00:00,228537.81291,286112.85933,60.0,96.38326,86.6206,228537.84355727336,286112.92522332934,-0.11063725988673266,0.05753592653411842,0.12470359304119467
2020-01-30 00:00:00,228135.37083,286323.0532,60.0,96.453,86.6214,228135.37083002683,286323.0532014285,-0.11294720882787967,0.05918598326212507,0.12751491127202816
2020-01-30 01:00:00,227724.65945,286539.1005,60.0,96.52436,86.6222,227724.62365371262,286539.06430281664,-0.11658276357295108,0.06187323372386648,0.13198423320137453
2020-01-30 02:00:00,227295.92886,286768.50238,60.0,96.59926,86.623,227295.9749323016,286768.54048424034,-0.11441690999598197,0.06763292146938814,0.13291140417403263
2020-01-30 03:00:00,226900.8219,287026.02134,60.0,96.6728,86.6234,226900.82190174155,287026.02133739623,-0.10776078779260084,0.07750593958586655,0.13273868334728178
2020-01-30 04:00:00,226520.10452,287326.56701,60.0,96.74876,86.6234,226520.09726019486,287326.5832492586,-0.10418783513956846,0.08597316059449642,0.1350795666771143
2020-01-30 05:00:00,226150.66278,287645.05918,60.0,96.82506,86.6232,226150.66948873666,287645.0280936766,-0.10154863446972336,0.09133021728044291,0.13657720802226994
2020-01-30 06:00:00,225788.94709,287984.16081,60.0,96.9024,86.6228,225788.94709201285,287984.16081367776,-0.09481332099913238,0.10494798814645037,0.1414342464004811
2020-01-30 07:00:00,225467.93604,288400.59837,60.0,96.98215,86.6216,225468.0135775429,288400.65360833105,-0.08546279325955967,0.1279686845876535,0.15388266070880302
2020-01-30 08:00:00,225173.7592,288905.7415,60.0,97.06707,86.6196,225173.61498054402,288905.53534270887,-0.06926942279966979,0.1570819155881246,0.17167696741215493
2020-01-30 09:00:00,224969.27373,289531.6434,60.0,97.1524,86.6162,224969.2737333853,289531.64340056555,-0.05036103711012806,0.16881763656262289,0.17616931762766616
2020-01-30 10:00:00,224810.87711,290120.87355,60.0,97.22836,86.6128,224811.0155133511,290121.02232595976,-0.033084650351775054,0.15138953657119902,0.15496253054252054
2020-01-30 11:00:00,224731.20743,290621.85788,60.0,97.28604,86.6096,224731.0642508525,290621.6480638782,-0.021690467148477586,0.12338026942348936,0.12527237224596655
2020-01-30 12:00:00,224654.84415,291009.36027,60.0,97.3324,86.6072,224654.84414988206,291009.3602658089,-0.014189880167020117,0.10227349045483505,0.10325318178617852
2020-01-30 13:00:00,224628.77956,291357.90244,60.0,97.36878,86.6048,224628.89711364996,291358.017195153,0.008686333552868747,0.0959862109897626,0.0963784472315409
2020-01-30 14:00:00,224717.5534,291700.69517,60.0,97.39041,86.6018,224717.38575146272,291700.46098493517,0.03759611181575666,0.09269432665013785,0.10002852501554411
2020-01-30 15:00:00,224899.58912,292025.41635,60.0,97.3988,86.5984,224899.5891187234,292025.416347034,0.060215077324323324,0.0942728338865628,0.11186251716360444
2020-01-30 16:00:00,225150.78662,292379.03823,60.0,97.4014,86.5944,225150.93430819784,292379.2253889184,0.07097065324802922,0.0897904121924916,0.11445152573971892
2020-01-30 17:00:00,225410.73227,292672.1551,60.0,97.39719,86.5908,225410.57782210922,292671.9073148199,0.0692997714215259,0.07207036248750227,0.09998297589167725
2020-01-30 18:00:00,225649.89266,292898.132,60.0,97.3892,86.5878,225649.89266243283,292898.13199882844,0.06748762798388877,0.06205967558901951,0.09168414947582876
2020-01-30 19:00:00,225896.36068,293118.62053,60.0,97.3798,86.5848,225896.48874359322,293118.73697906086,0.06214746084146706,0.05476581098078492,0.08283478098857232
2020-01-30 20:00:00,226097.44959,293292.58951,60.0,97.37159,86.5824,226097.3543804914,293292.4458378901,0.04901191975277066,0.0344669853848043,0.05991778833842538
2020-01-30 21:00:00,226249.37457,293366.89927,60.0,97.36,86.581,226249.37456581317,293366.89927383146,0.03487450205346654,0.011136821576413544,0.03660955733551161
2020-01-30 22:00:00,226348.46103,293372.60569,60.0,97.34841,86.5804,226348.45079527635,293372.63095324027,0.022165774349103027,-0.005690246820255804,0.02288450264634967
2020-01-30 23:00:00,226408.96513,293325.92265,60.0,97.33659,86.5804,226408.9681411267,293325.9294967256,0.015231378951151175,-0.015561167488041166,0.02177486712575855
2020-01-31 00:00:00,226458.11672,293260.59055,60.0,97.3244,86.5806,226458.11672372464,293260.59054732637,0.006143714916539061,-0.023769058709909183,0.02455022168801769
2020-01-31 01:00:00,226453.21449,293154.85125,60.0,97.315,86.5814,226453.2028885258,293154.79227401427,-0.00392632306411138,-0.027411031421191487,0.02769080454550427
2020-01-31 02:00:00,226429.82609,293063.1646,60.0,97.3092,86.5822,226429.84719766304,293063.2311210938,-0.007626246895476167,-0.024554471919731844,0.025711509737229733
2020-01-31 03:00:00,226398.29391,292978.00008,60.0,97.305,86.583,226398.29391087836,292978.0000761922,-0.012871683845150982,-0.03192047892269329,0.034417978146074
2020-01-31 04:00:00,226337.21681,292833.50859,60.0,97.2988,86.5844,226337.17107397795,292833.4036728504,-0.022783004131443806,-0.05090591414460505,0.055771653840918915
2020-01-31 05:00:00,226234.10458,292611.31727,60.0,97.29039,86.5866,226234.25628113197,292611.47749435104,-0.032153139372158974,-0.06650433749213537,0.07386914969561598
2020-01-31 06:00:00,226105.66847,292354.57244,60.0,97.2818,86.5892,226105.6684704984,292354.572442907,-0.03658505449485852,-0.08211728483271145,0.08989835749716694
2020-01-31 07:00:00,225970.97909,292020.40249,60.0,97.26661,86.5924,225970.84388876898,292020.2330435555,-0.04241683719068937,-0.10426731589163764,0.11256492011505183
2020-01-31 08:00:00,225800.01439,291603.54335,60.0,97.24798,86.5964,225800.26724272544,291603.84776848723,-0.049880660412604305,-0.12516348296956695,0.13473669786762113
2020-01-31 09:00:00,225611.70313,291119.05597,60.0,97.225,86.601,225611.70313379823,291119.05596617464,-0.05680267616013023,-0.135054924390206,0.14651408335377486
2020-01-31 10:00:00,225391.47207,290631.69183,60.0,97.20561,86.6058,225391.2879743725,290631.45231287775,-0.06888566207541266,-0.13713319604184007,0.15346252929043522
2020-01-31 11:00:00,225115.45351,290131.3077,60.0,97.1918,86.611,225115.72636685526,290131.6969546734,-0.08906209852554942,-0.12529893016838792,0.15372663820924864
2020-01-31 12:00:00,224750.04086,289729.30002,60.0,97.1984,86.616,224750.04086498855,289729.30001566536,-0.10427215079167379,-0.09444655923568158,0.14068700715482105
2020-01-31 13:00:00,224365.10246,289451.88413,60.0,97.21938,86.6202,224364.9668811552,289451.6817281765,-0.11818501517505663,-0.06462827796963716,0.13470156689975454
2020-01-31 14:00:00,223898.91457,289263.68143,60.0,97.25904,86.6242,223899.10875572814,289263.97641428397,-0.13024531497567093,-0.04771541367265551,0.13871049987316883
2020-01-31 15:00:00,223427.20061,289108.13075,60.0,97.3026,86.628,223427.20061333038,289108.13074973336,-0.13566472927870363,-0.03979461755831532,0.14138079910962634
2020-01-31 16:00:00,222922.45396,288977.6399,60.0,97.35277,86.6318,222922.32270492148,288977.4551678641,-0.13828079145078745,-0.034058446567723874,0.1424133247518036
2020-01-31 17:00:00,222431.39175,288862.66769,60.0,97.40284,86.6354,222431.5789148847,288862.90993444575,-0.1287385851517562,-0.030095933288701214,0.13220963848144332
2020-01-31 18:00:00,221995.40489,288760.76445,60.0,97.4474,86.6386,221995.40489182883,288760.76444818545,-0.11426087160070489,-0.02991138610368782,0.11811112478338633
2020-01-31 19:00:00,221609.00863,288647.6794,60.0,97.48478,86.6416,221608.90063935964,288647.5479544992,-0.10483198666770073,-0.02582639381686426,0.10796642092002841
2020-01-31 20:00:00,221240.46937,288574.6502,60.0,97.52383,86.6442,221240.6145878214,288574.814412704,-0.09785678745732487,-0.016050634432435294,0.09916437725893171
2020-01-31 21:00:00,220904.33177,288531.98339,60.0,97.5618,86.6464,220904.3317696669,288531.98338658566,-0.08916900689716083,-0.003796589879396682,0.08924979487784973
2020-01-31 22:00:00,220598.66686,288547.52981,60.0,97.60158,86.648,220598.59773816183,288547.4789655724,-0.08509328911567637,0.011978717902262967,0.08593228459145075
2020-01-31 23:00:00,220291.61221,288618.14956,60.0,97.64684,86.6492,220291.66008803403,288618.23015548196,-0.08335598934369853,0.025734779854440906,0.08723817887612809
2020-02-01 00:00:00,219998.43461,288732.76938,60.0,97.6946,86.65,219998.4346148872,288732.76938052435,-0.08368962779461274,0.048607974475154254,0.09678165623184005
2020-02-01 01:00:00,219689.06879,288968.17574,60.0,97.75596,86.65,219689.09476791281,288968.20757170307,-0.08609347471850115,0.0919092993311238,0.12593413235752773
2020-02-01 02:00:00,219378.66861,289394.66091,60.0,97.83567,86.6486,219378.561596914,289394.51633570844,-0.08041495994885837,0.14030412089412694,0.1617152192078726
2020-02-01 03:00:00,219110.10706,289978.39724,60.0,97.925,86.6458,219110.10705628103,289978.3972421408,-0.0598252486606523,0.20371066229118798,0.21231366962214965
2020-02-01 04:00:00,218947.54231,290860.88607,60.0,98.02914,86.6402,218947.8198065573,290861.233104205,-0.006474049318397495,0.2877834518532068,0.2878562635676425
2020-02-01 05:00:00,219063.49492,292050.39008,60.0,98.12688,86.63079,219063.49390118857,292050.43809548387,0.08149751565141439,0.36807259648664814,0.3769871103125085
2020-02-01 06:00:00,219534.60192,293511.3558,60.0,98.205,86.6174,219534.60191924748,293511.35579890886,0.17464506504710395,0.4105982150675522,0.44619703378884873
2020-02-01 07:00:00,220321.0229,295006.83734,60.0,98.24639,86.60201,220320.93836952772,295006.74524397025,0.25104768984048054,0.39909073967341907,0.4714852713153603
2020-02-01 08:00:00,221342.30342,296385.05099,60.0,98.24738,86.58619,221342.14528609894,296384.8091245575,0.29852665524694505,0.341051565882994,0.4532486453197302
2020-02-01 09:00:00,222470.33029,297462.31652,60.0,98.2074,86.572,222470.33028730573,297462.3165183278,0.316437682539569,0.2631198467005581,0.4115396222221358
2020-02-01 10:00:00,223620.73204,298279.60361,60.0,98.14104,86.55961,223620.49660038383,298279.2720208015,0.30316661380569715,0.19070337771132473,0.35815886698073096
2020-02-01 11:00:00,224652.92026,298835.11921,60.0,98.06554,86.54979,224653.12990670674,298835.38083784934,0.24291242231047364,0.12656381992929608,0.27390663633405665
2020-02-01 12:00:00,225369.46604,299190.53152,60.0,98.0106,86.5432,225369.46604101924,299190.5315242924,0.1440134820013433,0.08365683704592812,0.16654833947740277
2020-02-01 13:00:00,225689.91725,299437.56267,60.0,97.9942,86.5396,225690.02697711642,299437.71006458,0.06537405346358961,0.07895501119874501,0.10250688103563693
2020-02-01 14:00:00,225840.36429,299759.23735,60.0,98.00542,86.5364,225840.1592259571,299759.0076049234,0.035445022910393566,0.1014988222313453,0.1075098161261034
2020-02-01 15:00:00,225945.23114,300168.50158,60.0,98.0302,86.5328,225945.23114207125,300168.5015846457,0.025913516322976244,0.12373371755733388,0.12641812840245353
2020-02-01 16:00:00,226026.58029,300649.68252,60.0,98.06438,86.5288,226026.73654348252,300649.8903713362,0.02960821619825664,0.14352917137754653,0.14655125213647213
2020-02-01 17:00:00,226158.72184,301202.28533,60.0,98.09883,86.524,226158.4102986987,301201.91161856405,0.051295258608835055,0.1610998361601378,0.1690691005671069
2020-02-01 18:00:00,226396.06241,301809.80919,60.0,98.1254,86.5182,226396.06240546613,301809.8091916892,0.07740361852982056,0.16407355687320685,0.18141513780976334
2020-02-01 19:00:00,226715.50777,302382.93923,60.0,98.1388,86.5122,226715.7163521134,302383.24122805113,0.10448578194837561,0.14751854489994,0.1807733379643113
2020-02-01 20:00:00,227148.65305,302872.36476,60.0,98.13078,86.5062,227148.36003549444,302871.94271496875,0.1292142197182127,0.11013957914535745,0.1697852804918701
2020-02-01 21:00:00,227646.05873,303176.2462,60.0,98.0982,86.5012,227646.05873408454,303176.2461978977,0.1355400707760863,0.05262998856725365,0.14539954086095228
2020-02-01 22:00:00,228124.1633,303250.78224,60.0,98.04723,86.498,228124.24854508226,303250.878632653,0.11786470781032726,-0.009527149119328695,0.11824912649806656
2020-02-01 23:00:00,228494.65893,303107.65736,60.0,97.98955,86.497,228494.6846303189,303107.65072423854,0.0753394010141508,-0.060554637969802975,0.09665862364437501
2020-02-02 00:00:00,228666.69223,302814.88524,30.0,97.9422,86.4982,228666.69223238414,302814.8852392704,,,
