datetime,divergence,vorticity,pure_shear,normal_shear,maximum_shear_strain_rate,total_deformation,area,uncertainty_area,uncertainty_divergence,uncertainty_vorticity,uncertainty_shear,uncertainty_total,shape_flag
2020-01-25 00:00:00,,,,,,,1893114545.7831879,745982.7100135386,,,,,1.0
2020-01-25 01:00:00,8.131196569884957e-08,-2.3211666451470848e-07,-1.0063922765965403e-07,1.2546480478972238e-07,1.6084051537114278e-07,1.8022571168028636e-07,1893720019.3384094,746162.8869417228,9.034387874816878e-10,9.226157353651272e-10,9.109948547789278e-10,9.133722934680394e-10,1.0
2020-01-25 02:00:00,3.850531905513433e-08,-2.3130545849902765e-07,-1.1588832862898031e-07,7.733947077364787e-08,1.3932515369439386e-07,1.4454811672071056e-07,1894223221.6080894,746384.2653246807,8.926238626545156e-10,9.083126155780698e-10,9.035073753812348e-10,9.038491996412842e-10,1.0
2020-01-25 03:00:00,9.742856281856538e-08,-2.2611260215510925e-07,-9.93821680639163e-08,1.115674812537593e-07,1.4941257712251814e-07,1.7837164308062976e-07,1894245158.1732025,746495.293576111,9.304301029783517e-10,9.403969217535887e-10,9.34852809329591e-10,9.365103112510555e-10,1.0
2020-01-25 04:00:00,1.1899797991777106e-07,-2.496563585264927e-07,-2.0911188658527664e-07,1.4636648873060006e-07,2.5524680239834245e-07,2.8162288500597517e-07,1895552081.563633,746830.1313368155,9.523971142125003e-10,9.652193689301078e-10,9.610219903781643e-10,9.61772747065479e-10,1.0
2020-01-25 05:00:00,4.42872940239e-08,-2.8560043540539257e-07,-3.480051275471555e-07,9.49350572991045e-08,3.6072182343669785e-07,3.6343032112834997e-07,1895868699.8078728,747226.6960526551,9.059719886406441e-10,9.422021152885807e-10,9.397376914404126e-10,9.397743345226915e-10,1.0
2020-01-25 06:00:00,6.244193064201845e-08,-3.7265553047382874e-07,-3.2478527431006466e-07,1.3544647286567572e-07,3.5189660615075015e-07,3.573936430922056e-07,1896156575.9945564,747674.771122748,8.74066874870503e-10,9.176963277660479e-10,9.113643773648393e-10,9.115583124438421e-10,1.0
2020-01-25 07:00:00,-9.31421735892769e-09,-2.945881105870434e-07,-3.7510174589989293e-07,5.95443061636667e-08,3.7979842571245646e-07,3.799126199781598e-07,1896722018.8238907,748059.7302867437,8.138289494260859e-10,8.586941511957605e-10,8.576195204897289e-10,8.576201668228139e-10,1.0
2020-01-25 08:00:00,-1.2078452318241206e-07,-1.9045090163138702e-07,-4.0742244641084e-07,-7.41200383155977e-08,4.1410968344063084e-07,4.3136496260093046e-07,1896027654.9752922,748444.6136975315,7.50659505722218e-10,8.008352301146047e-10,7.992766321279052e-10,7.993989407183818e-10,1.0
2020-01-25 09:00:00,-1.2472336176494946e-07,-2.3856345174639565e-07,-2.650180372411837e-07,-6.875343787262937e-08,2.737911526738491e-07,3.0086128407029273e-07,1895073979.2721367,748636.9400545878,6.861959459282984e-10,7.247087451732588e-10,7.22340812357413e-10,7.227483062997819e-10,1.0
2020-01-25 10:00:00,-1.2402297270425207e-07,-1.4235160375453737e-07,-2.0410287438181644e-07,-8.451517149773366e-08,2.2090902549287314e-07,2.5334264406651027e-07,1894326455.3046188,748701.7898258459,6.451840088196452e-10,6.626032824184827e-10,6.600823979887313e-10,6.60687418541425e-10,1.0
2020-01-25 11:00:00,-1.9894102960711384e-07,-8.264335700544202e-08,-2.840437774379029e-07,-1.530642713033688e-07,3.226600977047273e-07,3.790607760135078e-07,1893381894.3997421,748768.6480788073,6.354601510454727e-10,6.417417930524866e-10,6.40333554147053e-10,6.407217519167408e-10,1.0
2020-01-25 12:00:00,-1.0746731717050512e-07,-1.2806961193488728e-07,-2.3662670985844073e-07,-9.158025270086107e-08,2.537304524553256e-07,2.7555102388307357e-07,1891614277.9032288,748824.5837830384,6.575717260774823e-10,6.522268404895098e-10,6.529256200042896e-10,6.52819379090772e-10,1.0
2020-01-25 13:00:00,4.132173705420797e-08,-2.278417819810478e-07,-2.2388461727873761e-07,1.8757909336423728e-08,2.246690477496184e-07,2.284374465141331e-07,1891918652.8776283,749018.1441321706,7.381329175779056e-10,7.168901544321704e-10,7.170404115797269e-10,7.170354955594164e-10,1.0
2020-01-25 14:00:00,3.611738539921956e-08,-2.3558235597627828e-07,-3.4233167838070914e-07,-9.144195489306148e-09,3.4245378423095276e-07,3.4435310345948056e-07,1892177188.8923378,749416.6027937434,7.70254224078483e-10,7.382268547286346e-10,7.382501850919687e-10,7.382499284431205e-10,1.0
2020-01-25 15:00:00,8.338481777083155e-08,-2.0623624095747428e-07,-4.1671608850709775e-07,8.127857733927236e-08,4.2456861112775564e-07,4.326794811284979e-07,1892409966.7704735,749861.7049082629,7.70103518467205e-10,7.279014456201079e-10,7.294911884891713e-10,7.294322074616214e-10,1.0
2020-01-25 16:00:00,1.4422156469774377e-07,-4.050260936917684e-07,-4.773464773991502e-07,2.805340929631378e-07,5.536777373165982e-07,5.7215286115154e-07,1893312919.5081367,750524.3338395657,7.297319664555812e-10,6.984138075026486e-10,7.065862073601311e-10,7.060697603281561e-10,1.0
2020-01-25 17:00:00,1.8166848269760126e-07,-5.657250848174143e-07,-5.075759470908011e-07,3.217895912216319e-07,6.009840955330754e-07,6.278417959082984e-07,1894376870.5076828,751210.0158849021,6.945477160222024e-10,6.797585920557795e-10,6.84031234682331e-10,6.836745289660939e-10,1.0
2020-01-25 18:00:00,2.544215644024087e-07,-5.864842203448423e-07,-5.174615297335524e-07,3.5403899553752326e-07,6.269848842798417e-07,6.766390304648228e-07,1895791134.104206,752029.6214419946,6.902482434393865e-10,6.797117269592282e-10,6.830889570002976e-10,6.826124920454055e-10,1.0
2020-01-25 19:00:00,3.0533402510272613e-07,-5.680773260634757e-07,-4.977973911466822e-07,3.9541341745264485e-07,6.357310857068596e-07,7.052537700852472e-07,1897849583.528637,752926.3338086504,7.026371774921949e-10,6.955548244502459e-10,6.983032358590445e-10,6.977889012064939e-10,1.0
2020-01-25 20:00:00,3.5385428664942185e-07,-5.449919918608394e-07,-3.738383512644615e-07,4.734007786349384e-07,6.032109167515927e-07,6.993398789347481e-07,1899963393.3095894,753831.5694158367,7.158414910856421e-10,7.093917357994413e-10,7.133711230738658e-10,7.123544410997927e-10,1.0
2020-01-25 21:00:00,2.025076172523675e-07,-3.763190684524783e-07,-3.528442383993222e-07,3.545647837048081e-07,5.00215196105871e-07,5.39652274581018e-07,1902690536.9439545,754568.0486120835,7.178637373234061e-10,7.205329002075437e-10,7.191930651620408e-10,7.193818875038748e-10,1.0
2020-01-25 22:00:00,-2.9195189406151863e-09,-2.780118224002519e-07,-4.020601952306122e-07,1.281827825707305e-07,4.219990833360342e-07,4.220091822784165e-07,1902736116.9599648,755053.2123141438,7.463781122364264e-10,7.486140740298152e-10,7.48408053046228e-10,7.484080629078878e-10,1.0
2020-01-25 23:00:00,5.799927471130462e-08,-3.483089989316943e-07,-2.6181111626128966e-07,1.71293300294901e-07,3.12868111708275e-07,3.181986348037009e-07,1902651494.8617973,755406.8404609234,7.97067634295622e-10,7.911676292582317e-10,7.929407588389224e-10,7.928819125272406e-10,1.0
2020-01-26 00:00:00,1.4459093263983171e-07,-1.907328980313282e-07,-1.2710136716844193e-07,2.3738856450702052e-07,2.6927325915283703e-07,3.056380635595758e-07,1903531189.097252,755736.9374956534,7.921923939740198e-10,8.084298559911156e-10,7.958387743131463e-10,7.98673946132797e-10,1.0
2020-01-26 01:00:00,-3.066895033765711e-09,-3.570839489760536e-09,-2.150907842121081e-07,1.621705799245371e-07,2.6937583864563714e-07,2.693932966708498e-07,1904632570.735588,756010.4989014124,8.379339859051348e-10,8.806892084115155e-10,8.654374131661572e-10,8.65439407302243e-10,1.0
2020-01-26 02:00:00,-1.6137822901436318e-07,-3.0252800500947185e-08,-3.906910893297797e-07,9.687446847598077e-08,4.0252228500319544e-07,4.33667064375433e-07,1903488717.380951,756155.3031298633,9.433259915500368e-10,9.944652537697291e-10,9.915751584083973e-10,9.919758718275444e-10,1.0
2020-01-26 03:00:00,-4.856839177670689e-08,-3.886914514830668e-09,-4.776388589038271e-07,2.2123600778808327e-07,5.263879279361931e-07,5.286238164864827e-07,1902420456.8677902,756404.6209005353,1.0533864081805111e-09,1.1115757905733897e-09,1.1015205252430361e-09,1.1016057897817351e-09,1.0
2020-01-26 04:00:00,6.832963926611826e-08,7.841955051639199e-09,-5.76006416327273e-07,4.2930003242443336e-07,7.183884112997699e-07,7.216306874655797e-07,1902822140.7485275,757013.587161658,1.166393319992919e-09,1.2376164027563277e-09,1.2126621403827704e-09,1.2128881558592176e-09,1.0
2020-01-26 05:00:00,1.8377258014628455e-07,-9.010727031718647e-08,-6.474614549214563e-07,6.100314888372442e-07,8.895756027353683e-07,9.08359573184329e-07,1903354894.8848,757742.1630291386,1.1989987313366391e-09,1.2628511158431238e-09,1.233235704216841e-09,1.2344618196687666e-09,1.0
2020-01-26 06:00:00,2.575842051382176e-07,-1.9339854239448117e-07,-7.217986483347515e-07,6.56921999627272e-07,9.759814559366217e-07,1.0094005275750828e-06,1905339508.757473,758778.6747289666,1.2042664746127868e-09,1.2614935614764408e-09,1.2358952828876752e-09,1.2375783485001123e-09,1.0
2020-01-26 07:00:00,2.907994783011466e-07,-3.991081195049856e-07,-6.818420560539686e-07,6.675851672154324e-07,9.54242393152788e-07,9.975684846015232e-07,1906888325.4890862,759868.7661546502,1.251218276690315e-09,1.3098634473511054e-09,1.2814957543226185e-09,1.2839307257412392e-09,1.0
2020-01-26 08:00:00,1.594386491396676e-07,-5.009381935470385e-07,-5.866765873444183e-07,5.378580268251477e-07,7.959149924196266e-07,8.117273914300394e-07,1909334715.2089653,760912.3619355543,1.319724227575691e-09,1.361976986412407e-09,1.3428463910540304e-09,1.3435895089568127e-09,1.0
2020-01-26 09:00:00,-2.9446138127280865e-07,-1.8856162254389033e-07,-8.040489906052841e-07,1.8724648013232712e-07,8.255640639074125e-07,8.765064339047447e-07,1909081247.508873,761471.2386179472,1.3086811815587393e-09,1.3817199711295645e-09,1.378057093826334e-09,1.378470979530356e-09,1.0
2020-01-26 10:00:00,-7.233483724287234e-07,-3.868416071974367e-09,-1.1375297988073996e-06,-1.5408299442816427e-07,1.1479179466959965e-06,1.356815566037638e-06,1905284336.8742142,761853.1347269001,1.3642028101454608e-09,1.449903445299293e-09,1.4484042169856834e-09,1.4488304842331997e-09,1.0
2020-01-26 11:00:00,-8.324887984711008e-07,-2.0389112126375002e-07,-1.2568487018391017e-06,-1.472797365138918e-07,1.2654485292188839e-06,1.5147268993723236e-06,1899157445.5177345,762077.2212638245,1.4798089395914858e-09,1.563486904714039e-09,1.5623833817948036e-09,1.5627167901571107e-09,1.0
2020-01-26 12:00:00,-9.287605897410248e-07,-2.2152004753624608e-07,-1.4079439272381614e-06,-1.0314126579802822e-07,1.4117167644245204e-06,1.6898344463329338e-06,1893900870.169716,762430.2932264416,1.5388199861685644e-09,1.640085312421231e-09,1.6395613730116955e-09,1.6397196612803283e-09,1.0
2020-01-26 13:00:00,-1.0096505633090042e-06,-1.7544230401707733e-07,-1.614917710244298e-06,-2.0678434747790027e-07,1.6281028767318566e-06,1.9157539605107793e-06,1886490364.8878784,762723.8008163987,1.665619012265416e-09,1.7649709315993113e-09,1.7634126680451765e-09,1.7638456224522621e-09,1.0
2020-01-26 14:00:00,-8.157323818126694e-07,-3.2827083520517433e-07,-1.5395405837071876e-06,3.0457948249766396e-09,1.5395435965725634e-06,1.7423012955529115e-06,1880183327.8863487,763356.7182669977,1.8124726988762018e-09,1.9182981524052217e-09,1.918297749632583e-09,1.9182978379220476e-09,1.0
2020-01-26 15:00:00,-1.0212711137290184e-06,-3.027471329655809e-07,-1.7765245796647095e-06,-7.957150416024796e-08,1.7783057123079813e-06,2.0506988794468357e-06,1875450997.119297,763963.7050547388,1.91668613039861e-09,2.0357853383782284e-09,2.035553842842315e-09,2.0356112597102767e-09,1.0
2020-01-26 16:00:00,-1.3186039445944336e-06,-1.5625442904758383e-07,-2.1261287604086087e-06,-2.0241482894340292e-07,2.1357423226627395e-06,2.5100023170333595e-06,1866383484.8245888,764600.5211582148,1.99128656490424e-09,2.1346767580005654e-09,2.1334316807108854e-09,2.1337753720093097e-09,1.0
2020-01-26 17:00:00,-1.3185383415329182e-06,-9.614331024805297e-08,-2.062297702540341e-06,-5.8855428930538614e-08,2.06313736222719e-06,2.448485069080501e-06,1857732623.386036,765230.4066515319,1.9220074276591678e-09,2.0967472138182124e-09,2.096610931941364e-09,2.0966504539249397e-09,1.0
2020-01-26 18:00:00,-1.3012698313936934e-06,-1.0390146239040424e-07,-2.0603023859267486e-06,6.643607052689969e-09,2.060313097315581e-06,2.4368408304740574e-06,1848750028.8081245,765696.1304969882,1.9194916942189167e-09,2.1053021985744477e-09,2.105300351811781e-09,2.105300878424834e-09,1.0
2020-01-26 19:00:00,-1.2683919591380615e-06,-1.9377119661055455e-07,-2.045739578335906e-06,-4.2197832216522974e-08,2.046174743127709e-06,2.407415469215863e-06,1840408299.9091225,766364.2812073913,2.075142583057586e-09,2.244737824321412e-09,2.2446684192313084e-09,2.2446876856520156e-09,1.0
2020-01-26 20:00:00,-1.3402112609989406e-06,-3.4974636943609044e-07,-2.024161140843734e-06,-1.1666073902365813e-07,2.02752017305164e-06,2.430432940082841e-06,1831945748.2822723,766914.4894608733,2.3113166209265677e-09,2.463649859442436e-09,2.463161074088265e-09,2.463309711251926e-09,1.0
2020-01-26 21:00:00,-1.2038181163100027e-06,-3.8394722577055597e-07,-1.8544443333358987e-06,-4.7700530132278807e-08,1.8550577150095698e-06,2.211428765113787e-06,1822732385.1101723,767368.1891192525,2.5225882202747997e-09,2.6838674580578457e-09,2.683764022584564e-09,2.683794674049498e-09,1.0
2020-01-26 22:00:00,-8.685349722481299e-07,-2.066118069214897e-07,-1.5430244308675635e-06,1.093077465054172e-07,1.5468912624034893e-06,1.7740421572550975e-06,1816149863.1939774,767894.2603520891,2.620311300408498e-09,2.8097759737084445e-09,2.8088616787204064e-09,2.8090808516036834e-09,1.0
2020-01-26 23:00:00,-7.322381005810057e-07,-1.442830372891036e-07,-1.367091272024651e-06,1.994755272561757e-07,1.3815675995115504e-06,1.5636181336766937e-06,1811375542.83432,768517.0659063653,2.713543260618301e-09,2.9162901246994664e-09,2.912207607528511e-09,2.913103402836933e-09,1.0
2020-01-27 00:00:00,-6.936455397809008e-07,-1.1442687093349508e-07,-1.2399145551567353e-06,1.2001904748168394e-07,1.2457097076959525e-06,1.4258109309112033e-06,1806602557.2414474,768993.2183480246,2.799579964703329e-09,2.988036844566067e-09,2.9863421725870063e-09,2.9867433449469218e-09,1.0
2020-01-27 01:00:00,-5.200920989039534e-07,-1.7278274033772726e-07,-1.0642382219087359e-06,1.7059227148188641e-07,1.0778240654489105e-06,1.1967457989912215e-06,1802353989.44347,769454.7072886775,2.908714515087174e-09,3.090562692503077e-09,3.0861380898985474e-09,3.0869742382606997e-09,1.0
2020-01-27 02:00:00,-3.7290619592561144e-07,-3.321179318475977e-07,-9.913149426917281e-07,2.7439721553723047e-07,1.028590855247357e-06,1.0941015393729232e-06,1799854725.4902802,769991.7957836816,3.140209077399075e-09,3.312330124701356e-09,3.3003776072679834e-09,3.3017683203347536e-09,1.0
2020-01-27 03:00:00,-4.086614728203334e-07,-3.795131860482349e-07,-1.0715653900000782e-06,2.416954526476327e-07,1.0984849006138245e-06,1.1720380865160688e-06,1797520635.996441,770665.4959857218,3.3531048999405003e-09,3.5281434655180585e-09,3.519870084526055e-09,3.520876958129519e-09,1.0
2020-01-27 04:00:00,-2.807761698979876e-07,-4.865499602193346e-07,-9.509896837947789e-07,3.4621489594217957e-07,1.0120504596394133e-06,1.0502768161008466e-06,1794565647.0261383,771304.7818177054,3.511145038182507e-09,3.6919709201425873e-09,3.67126954570964e-09,3.6727529075463806e-09,1.0
2020-01-27 05:00:00,6.927819355989535e-08,-6.30482198569907e-07,-5.906171350525687e-07,5.349279496327428e-07,7.96854134403527e-07,7.998599750074488e-07,1793895017.79076,772024.8534717559,3.562161067587911e-09,3.733669706526975e-09,3.6573761651352815e-09,3.657954427454819e-09,1.0
2020-01-27 06:00:00,-4.9366998127391546e-08,-4.345143693197134e-07,-6.503191770662758e-07,3.222485175333667e-07,7.257817434412433e-07,7.274587545811245e-07,1795463671.4766922,772739.1078239254,3.4675343462809427e-09,3.6373189430798865e-09,3.604480946055093e-09,3.604632860120992e-09,1.0
2020-01-27 07:00:00,-3.2194176004377187e-07,-2.7054062059182257e-07,-8.553404116810706e-07,1.0734234242797804e-07,8.620496495751673e-07,9.202043768602442e-07,1793252651.918682,773331.4604431968,3.346025128263477e-09,3.5039769634125512e-09,3.501582268740258e-09,3.5018754704400987e-09,1.0
2020-01-27 08:00:00,-1.825361227478534e-07,-2.9409234749810074e-07,-7.177671611060905e-07,3.989674248659919e-08,7.188751265855138e-07,7.416878613885749e-07,1791308351.2496376,773833.6615089363,3.2289132381348497e-09,3.3377794162796153e-09,3.3374495473120135e-09,3.337469528298379e-09,1.0
2020-01-27 09:00:00,1.868790914927764e-07,-3.5493008901406887e-07,-4.5148699858414324e-07,9.852387321154701e-08,4.6211195990054527e-07,4.98468914096244e-07,1790898942.304348,774510.0847903097,3.1208429372398956e-09,3.1706701050431496e-09,3.1684221751339503e-09,3.1687382284917186e-09,1.0
2020-01-27 10:00:00,2.8359072752710337e-07,-1.929669237447583e-07,-3.544848929030168e-07,1.0474896821625889e-08,3.546396237871439e-07,4.5408475365204536e-07,1793721690.765953,775396.6743773036,2.938126763386657e-09,2.9541304528287916e-09,2.9541165286957944e-09,2.9541219596857567e-09,1.0
2020-01-27 11:00:00,1.6060117211413752e-07,4.814071833831411e-07,-4.130602479121484e-07,-5.905113054539831e-07,7.206402502457192e-07,7.383191090298609e-07,1794558511.9601898,776139.8805983454,2.7143243759929405e-09,2.7275951670734505e-09,2.7186915221315162e-09,2.7191134652479306e-09,1.0
2020-01-27 12:00:00,2.663681566168799e-07,9.923636731437958e-07,-2.5742574961228e-07,-1.0317859509658322e-06,1.0634144371663903e-06,1.096267421769609e-06,1795796885.9669914,776995.9599550003,2.4300322664298985e-09,2.4424903427750944e-09,2.430764072982349e-09,2.431457939251853e-09,1.0
2020-01-27 13:00:00,5.546037669225139e-07,8.916460535135817e-07,6.708243238955498e-08,-8.668820905068262e-07,8.694737555422731e-07,1.031295277726717e-06,1798004163.445694,777794.4238204188,2.016340287643884e-09,2.0230085914951945e-09,2.0163800464457633e-09,2.0182992648612784e-09,1.0
2020-01-27 14:00:00,7.617123182984074e-07,5.384237590917509e-07,3.8791325576014837e-07,-4.063092798738372e-07,5.617507676060928e-07,9.464510450908535e-07,1802979797.4818764,778639.6423839838,1.6321355071556826e-09,1.6439307013356011e-09,1.6377706427291395e-09,1.6417632576199017e-09,1.0
2020-01-27 15:00:00,5.100875871140735e-07,4.18743755515166e-07,3.6845072890286516e-07,-2.340823444737158e-07,4.365208856668418e-07,6.713716036229277e-07,1807891282.7057762,779122.2902272231,1.4121202020923876e-09,1.4618572149222136e-09,1.4477299222284448e-09,1.4559016215646765e-09,1.0
2020-01-27 16:00:00,2.497587503371166e-07,2.993150576441512e-07,2.310897190694085e-07,-9.140017997691572e-08,2.4850845289323805e-07,3.523292274696337e-07,1809617807.78833,779259.1858836673,1.276249449047321e-09,1.362082377193407e-09,1.3507905123860495e-09,1.3564765287037973e-09,1.0
2020-01-27 17:00:00,7.930597427897801e-08,7.268809546723213e-08,1.3095731977623125e-07,5.052323499343345e-08,1.4036529798057562e-07,1.6121989465792895e-07,1811144759.7587929,779298.0846552246,1.150484712209327e-09,1.2389444108732865e-09,1.2278431924360958e-09,1.2305386196875584e-09,1.0
2020-01-27 18:00:00,-5.592677003981143e-09,-1.1212308244685087e-07,8.652157864218331e-08,2.00251293548924e-07,2.1814344853502442e-07,2.1821512819881143e-07,1810651879.9736977,779154.7802903802,1.049270235748932e-09,1.135764228928895e-09,1.0633433010144905e-09,1.063392489876551e-09,1.0
2020-01-27 19:00:00,2.3624784622226948e-09,1.6566366724409902e-09,1.1243198069907444e-07,1.9734736168143182e-07,2.2712756646109454e-07,2.2713985284626604e-07,1811071138.8785553,779018.7684354364,9.215920961509032e-10,9.966563508656969e-10,9.405402765072594e-10,9.405465282512445e-10,1.0
2020-01-27 20:00:00,-8.881243974121145e-08,2.4604920063092543e-07,1.2678094173270912e-07,-6.136604637974713e-08,1.4085169091961182e-07,1.6651380809920892e-07,1810683606.5767593,778837.2099361666,7.939662506306733e-10,8.342934806623769e-10,8.267899998973275e-10,8.289314800066387e-10,1.0
2020-01-27 21:00:00,-1.3019527444428664e-07,3.484316919240939e-07,1.4825029307142854e-07,-1.1199860361865113e-07,1.8580052908507064e-07,2.268758385018451e-07,1809913320.7427979,778484.9283377297,7.598570030018048e-10,7.65243953701635e-10,7.632909748045344e-10,7.63934675022504e-10,1.0
2020-01-27 22:00:00,-1.5555125856989475e-07,3.576518250708062e-07,1.832274110121191e-07,-1.043464310992423e-07,2.1085649581967578e-07,2.620241513143993e-07,1808987715.372673,778150.8633628824,8.060294349470693e-10,7.874869845314207e-10,7.920680882692356e-10,7.904566309430655e-10,1.0
2020-01-27 23:00:00,-2.4215195029045804e-07,3.70165463136684e-07,1.9586354946244194e-07,-1.312672803772425e-07,2.3578301233478218e-07,3.37981058544908e-07,1807886579.5124092,777641.9582246748,8.620784672185521e-10,8.248499070893741e-10,8.365659909637694e-10,8.305724928082104e-10,1.0
2020-01-28 00:00:00,-3.1192942436101443e-07,4.870898231865484e-07,1.866398242236395e-07,-1.5221431657136798e-07,2.4083941154952127e-07,3.9408576216061585e-07,1805836884.6590652,777043.5455557399,9.06806749419008e-10,8.685011451726347e-10,8.840012017311063e-10,8.743223397108787e-10,1.0
2020-01-28 01:00:00,-1.6211173345951905e-07,4.865941440184408e-07,4.0226014575716815e-07,-9.771190914391811e-08,4.139575365337941e-07,4.445683931392083e-07,1803831168.4089432,776367.7046621917,8.313158132395643e-10,8.076733292534759e-10,8.090087802541356e-10,8.088313332284311e-10,1.0
2020-01-28 02:00:00,-1.387514001018709e-07,5.408739459533804e-07,4.1749030971409496e-07,-1.2178475695146826e-07,4.3489042956921823e-07,4.564883752749117e-07,1803728824.8408966,775661.9248008952,7.294217536485617e-10,7.559867428079851e-10,7.539373434289328e-10,7.541269167284513e-10,1.0
2020-01-28 03:00:00,-2.3225866522286582e-07,4.797873759573258e-07,2.2277790258618558e-07,-1.5175417196658573e-07,2.6955393261825003e-07,3.5581372958483674e-07,1802032243.5639458,775023.0593673603,6.999103837788322e-10,7.430894356310125e-10,7.296804969947928e-10,7.354237669210915e-10,1.0
2020-01-28 04:00:00,-1.2110843151027714e-07,3.007527617006849e-07,1.9539837327737101e-07,-6.363035738105009e-08,2.054978020804188e-07,2.3853007953455776e-07,1800713746.9852486,774526.2515255398,6.930110718062477e-10,7.269928746676472e-10,7.238039538734634e-10,7.246273614851859e-10,1.0
2020-01-28 05:00:00,-7.017122264076689e-09,1.6105253932843912e-07,2.1123284861167492e-07,9.024047339956963e-09,2.1142551823986753e-07,2.1154193382841513e-07,1800461734.4099503,774239.6238768931,6.842780051269377e-10,7.045349420497192e-10,7.044985686301136e-10,7.044986086541124e-10,1.0
2020-01-28 06:00:00,2.16073645721119e-08,1.5130906291056596e-08,2.1262175386757798e-07,6.396389435725045e-08,2.2203465945448789e-07,2.2308354534304533e-07,1800622243.7224617,774004.5020529106,6.876311269179353e-10,6.884967012922471e-10,6.884249082758039e-10,6.884255818309474e-10,1.0
2020-01-28 07:00:00,-1.797239137234251e-07,2.0202497275613698e-07,3.640686355533555e-08,-1.253530906115556e-07,1.3053297299841788e-07,2.2212505982862635e-07,1800741888.808796,773780.3439300527,7.093986838039259e-10,7.000273236402202e-10,7.086741269763225e-10,7.030254220825825e-10,1.0
2020-01-28 08:00:00,-4.433842890155047e-07,2.6142222496950723e-07,-1.4962890617108623e-07,-2.7749199994866867e-07,3.1526277864262325e-07,5.440406669939778e-07,1798293439.9052353,773450.5122945505,8.288900981085254e-10,7.978835011891008e-10,8.220075910753189e-10,8.060649275171182e-10,1.0
2020-01-28 09:00:00,-6.242444292028352e-07,3.10626761329802e-07,-2.2545721905458204e-07,-3.646318372978128e-07,4.287042504979446e-07,7.572769914541033e-07,1795001066.7720985,772971.4398471165,1.0952584789082765e-09,1.027858618945465e-09,1.0770394059335339e-09,1.0438725952131282e-09,1.0
2020-01-28 10:00:00,-7.667098626399835e-07,6.262119797696063e-07,-2.0928728352246782e-07,-5.011580537859492e-07,5.43102717649925e-07,9.395768065401341e-07,1790227388.568985,772341.1987984007,1.2618533284395998e-09,1.1788843400510276e-09,1.2498808253505714e-09,1.2030716747234146e-09,1.0
2020-01-28 11:00:00,-9.849969560838286e-07,8.429536801708377e-07,-2.0922656350553557e-07,-5.912300839967821e-07,6.271592836745526e-07,1.1677104823515055e-06,1785120927.6664467,771464.7352294633,1.3622927054811544e-09,1.2726579522539423e-09,1.352610540234936e-09,1.296227264285353e-09,1.0
2020-01-28 12:00:00,-1.0095982563983391e-06,9.62067310524024e-07,-1.360038574573805e-07,-5.131828593259391e-07,5.308989511660708e-07,1.1406762624302307e-06,1777572110.216568,770252.6721826859,1.4562430548582094e-09,1.3937186421862174e-09,1.452222338272178e-09,1.4065981998597767e-09,1.0
2020-01-28 13:00:00,-8.81499875644166e-07,9.745712556787622e-07,-1.9292346546517036e-08,-3.092656316757486e-07,3.0986678681502913e-07,9.343765067314947e-07,1772198442.7597694,769118.0764870738,1.50487627840649e-09,1.501452815764231e-09,1.5048630229928337e-09,1.5018282428785583e-09,1.0
2020-01-28 14:00:00,-7.431427430155745e-07,1.1140298497093884e-06,2.957302467724535e-07,-4.5489676134750303e-07,5.425748264898984e-07,9.201350872764583e-07,1766325242.9887314,767935.4699998468,1.4953919574379373e-09,1.5157412966254571e-09,1.5014661187386752e-09,1.5107929832611829e-09,1.0
2020-01-28 15:00:00,-5.54818704407863e-07,1.052818580531838e-06,3.777759046128175e-07,-4.5786733015865124e-07,5.935967706555048e-07,8.125151819464444e-07,1762743853.0532532,766480.62575231,1.42037354993124e-09,1.4481703362349671e-09,1.4316970649918777e-09,1.4394015470941433e-09,1.0
2020-01-28 16:00:00,-3.447097121748103e-07,7.135085337886397e-07,1.8111215670875445e-07,-1.952962104826359e-07,2.6634981347200986e-07,4.3562255314000335e-07,1759282720.9906387,765629.1421522594,1.271857773668651e-09,1.2752565748777422e-09,1.2734304076514187e-09,1.2745741894085546e-09,1.0
2020-01-28 17:00:00,-1.066867751784527e-07,3.3340317167639903e-07,2.8472987346989497e-07,-4.856451734913885e-09,2.847712871229049e-07,3.040999078717612e-07,1758373797.4071198,765152.4161991654,1.1943819045244097e-09,1.133874614903725e-09,1.1338926818934076e-09,1.1338904582181637e-09,1.0
2020-01-28 18:00:00,-6.471753685835116e-08,3.099945932496221e-07,2.089897126847184e-07,-1.717144089561543e-07,2.70485745005541e-07,2.7812029380865855e-07,1757929855.0776634,764669.666550631,1.2845783361002927e-09,1.221882476697856e-09,1.2475291479652716e-09,1.2461539607370022e-09,1.0
2020-01-28 19:00:00,3.5785229481410126e-08,4.842066376818989e-07,2.9403204666163396e-07,-4.315876578235494e-07,5.222286384809306e-07,5.234532772833538e-07,1757555675.4717293,764525.376607145,1.6052486784935049e-09,1.5407825954610076e-09,1.5850963781846875e-09,1.5848921549932923e-09,1.0
2020-01-28 20:00:00,9.25778750478473e-08,3.0901072552902747e-07,6.944418045632315e-07,-4.96894534367227e-07,8.539049116904416e-07,8.589087618352927e-07,1758381086.6926003,764180.8436567901,1.8949178256543673e-09,1.739898337128709e-09,1.7938913383759918e-09,1.7932733971146642e-09,1.0
2020-01-28 21:00:00,1.2268373266002763e-07,2.813234773182807e-07,9.129337167622658e-07,-6.179815304674333e-07,1.1024287474482132e-06,1.1092341689019651e-06,1758722598.5178986,763274.0484260445,2.1528808538447334e-09,1.963983129692731e-09,2.025240006028894e-09,2.024501858248436e-09,1.0
2020-01-28 22:00:00,3.619061173421679e-08,2.7265319645775317e-07,7.168855220857317e-07,-5.476087667511125e-07,9.021087590744291e-07,9.028344109395162e-07,1759934603.562191,762537.1213799713,2.344673481536793e-09,2.182115760409009e-09,2.243387219846248e-09,2.24329010812172e-09,1.0
2020-01-28 23:00:00,-1.7693364558825218e-07,1.3810707592084688e-07,3.707475053827258e-07,-3.3901978497152496e-07,5.023824512755729e-07,5.326289912225982e-07,1759185172.6507225,761838.0743664434,2.1799890647602e-09,2.062200416923578e-09,2.116652881451778e-09,2.1107130232932615e-09,1.0
2020-01-29 00:00:00,-2.6662003659185777e-07,1.7873572963969806e-07,1.6475201977555068e-07,-2.6920100870727956e-07,3.1561433920077245e-07,4.1315693752057923e-07,1757695620.8793945,761273.6840748049,1.8129281294615342e-09,1.7475150399169416e-09,1.7953400689110019e-09,1.7755802050736106e-09,1.0
2020-01-29 01:00:00,-3.7922827407883524e-07,3.149500390522959e-07,-8.040732090239498e-08,-3.3126053573960916e-07,3.4087956787286855e-07,5.099146631094322e-07,1755811529.017048,760791.3335950859,1.4752633579057125e-09,1.4616821233200366e-09,1.4745109807768927e-09,1.4674291559464487e-09,1.0
2020-01-29 02:00:00,-1.5613000440946803e-07,2.883901330657508e-07,4.0654354311049214e-08,-2.877611490399074e-07,2.90618745818669e-07,3.299027640049665e-07,1752902099.4189148,760502.931728728,1.3097241421465074e-09,1.3317937111502412e-09,1.3101595861075103e-09,1.3150360345423649e-09,1.0
2020-01-29 03:00:00,4.9501546201686495e-08,7.275840965066238e-08,2.2414437041244707e-07,-1.926616356522875e-07,2.955659057465983e-07,2.996825115287256e-07,1753839547.9724693,760340.4896851478,1.266556059407819e-09,1.3189862628697399e-09,1.2969679074601009e-09,1.2975736235519242e-09,1.0
2020-01-29 04:00:00,9.438965562875553e-08,-3.057224682221668e-08,1.5925576022292984e-07,-2.9725676489051625e-08,1.6200621286517094e-07,1.8749778691128635e-07,1753527542.9255295,760166.9273077708,1.2369186598539101e-09,1.3092613731858276e-09,1.306890976535478e-09,1.3074921106041445e-09,1.0
2020-01-29 05:00:00,-3.328358347060805e-09,1.0465129801760718e-07,2.2969778256212698e-08,-6.200846516243873e-08,6.61260951889718e-08,6.620980617874824e-08,1755031469.7092972,760237.5155614429,1.1114638308154726e-09,1.167221429647364e-09,1.1183391010555263e-09,1.1184653222031317e-09,1.0
2020-01-29 06:00:00,-7.833774308108976e-08,1.6002049111247452e-07,-7.619182727452489e-08,-4.954089833542307e-08,9.088176467978469e-08,1.1998457043449622e-07,1753485631.5573654,760120.0469122591,9.902080391660202e-10,1.020325686295773e-09,1.011469909929273e-09,1.015254364489301e-09,1.0
2020-01-29 07:00:00,8.153440010192567e-09,1.7041029501851287e-07,-5.9228813532480754e-08,5.84921655997047e-08,8.324293236670999e-08,8.364128390339583e-08,1754042287.4537659,760211.8436176828,9.238769540138338e-10,9.366420808263354e-10,9.303612830378897e-10,9.304211661951291e-10,1.0
2020-01-29 08:00:00,-1.634634046824503e-08,1.996718052943068e-07,-5.6886150755051944e-08,-1.1989982962738519e-08,5.8135994350946274e-08,6.039036914837532e-08,1753588881.1196861,760265.081561381,8.634344256820574e-10,8.776511778181183e-10,8.770511602264842e-10,8.770951353775023e-10,1.0
2020-01-29 09:00:00,7.655780237515795e-08,1.4856694371537485e-07,1.2265395503984525e-08,6.005326366196738e-08,6.129302083698384e-08,9.807105336355206e-08,1753835779.7136154,760301.7235728657,8.063613364552219e-10,8.179461435587818e-10,8.068284394498034e-10,8.13621567913294e-10,1.0
2020-01-29 10:00:00,6.548681994693489e-08,8.485052028960053e-08,4.3531505612842644e-08,1.32498905277124e-07,1.3946666942519718e-07,1.5407620019756296e-07,1754555577.9125175,760431.6675049505,7.571468583446976e-10,7.595667822213847e-10,7.573829572572928e-10,7.577779298414363e-10,1.0
2020-01-29 11:00:00,4.2297551197135125e-09,1.0252527317379788e-07,1.9890021052696704e-08,9.845531581240626e-08,1.0044432362855241e-07,1.0053334261611972e-07,1754662817.9117432,760348.2003396732,7.501065300096091e-10,7.479045601401577e-10,7.500203080065294e-10,7.500165680874008e-10,1.0
2020-01-29 12:00:00,-4.488063337323569e-08,1.0704282070134771e-07,-3.360903006490253e-08,6.410562198731993e-08,7.238161142365288e-08,8.516671253645684e-08,1754609309.6812897,760373.6526283404,7.64479485321057e-10,7.699574188611988e-10,7.656638600695469e-10,7.668585986137438e-10,1.0
2020-01-29 13:00:00,-9.935588342014426e-09,3.220059915877568e-08,4.826164439233202e-08,6.842867898796567e-08,8.373571775228279e-08,8.432310681653007e-08,1754095690.575798,760287.948835561,9.084877703056452e-10,9.408513071005303e-10,9.193648941457367e-10,9.196666336314272e-10,1.0
2020-01-29 14:00:00,-6.772083931891022e-08,2.5656008355335394e-08,-3.96690398217338e-08,1.3819581917908858e-07,1.437766224354907e-07,1.589271192623062e-07,1754483730.8502045,760218.5012988584,1.2102580170988104e-09,1.301899668930654e-09,1.217476823207148e-09,1.2332351257062204e-09,1.0
2020-01-29 15:00:00,-1.8879047724072525e-07,3.5386203477511984e-08,-1.3994958822018968e-07,1.6947903632405909e-07,2.1979315502611174e-07,2.8974277435876324e-07,1753240034.2814827,760162.0373047907,1.6476803634916286e-09,1.8018892259052741e-09,1.7118762504353238e-09,1.750657236481666e-09,1.0
2020-01-29 16:00:00,-2.334947795205492e-07,5.80071519340373e-08,-9.446313533381574e-08,1.6972065139238398e-07,1.9423795572994977e-07,3.037238803740987e-07,1752100918.1092415,759986.5369736204,2.028856215291913e-09,2.23193701562808e-09,2.0786797421305767e-09,2.170564874562456e-09,1.0
2020-01-29 17:00:00,-9.609841147703037e-08,2.714878637807592e-08,7.435113715937213e-08,3.3661844023059896e-07,3.4473187537588264e-07,3.578756356453757e-07,1750294550.914978,759702.8464840933,2.3365573508214028e-09,2.5852871491549058e-09,2.3487117504854272e-09,2.366561409526744e-09,1.0
2020-01-29 18:00:00,8.203678497828509e-10,-7.081742078811095e-08,2.750667114897327e-07,4.214148514261506e-07,5.032416643843199e-07,5.032423330520887e-07,1750888178.735321,759474.7960491393,2.6563998992429432e-09,2.9378803739756914e-09,2.7435219148543517e-09,2.7435224496445613e-09,1.0
2020-01-29 19:00:00,-1.005655192890888e-08,-9.22777235649661e-08,3.0859530515827384e-07,4.0771739121350716e-07,5.113360279343479e-07,5.114349105217349e-07,1750305264.2130814,758973.7715342843,3.0003834524902188e-09,3.2924339409212573e-09,3.1099316662240657e-09,3.110004300280784e-09,1.0
2020-01-29 20:00:00,-2.462069437658785e-09,1.7936853961215748e-07,1.7244800996857076e-07,2.3216607067478915e-07,2.892047726347051e-07,2.892152525379796e-07,1750760984.7329254,758643.4184613966,3.3571783626342277e-09,3.6474753404292474e-09,3.463183576005769e-09,3.4631972869579105e-09,1.0
2020-01-29 21:00:00,-7.723952834938143e-08,5.037741530921631e-07,-2.8506227105284058e-08,-2.4672028841058685e-08,3.770031818051491e-08,8.594916364076476e-08,1750276868.3696938,758517.9848221047,3.5867513166269956e-09,3.8773003096066626e-09,3.755619239268135e-09,3.85418725391978e-09,1.0
2020-01-29 22:00:00,-5.75662632065071e-08,5.11814964395849e-07,-2.280808244087187e-08,-4.093291304146769e-08,4.685842501290417e-08,7.422658994087508e-08,1749788536.9369888,758503.7606038075,3.614557895315353e-09,3.898748250288171e-09,3.6838706617038896e-09,3.814564990435272e-09,1.0
2020-01-29 23:00:00,4.1846846550264434e-08,4.421062628337579e-07,4.794910298963928e-08,2.2552895479757932e-08,5.298820219663921e-08,6.751968704187912e-08,1749550751.7990265,758421.9911747681,3.577828027055036e-09,3.854180223125182e-09,3.8056068064434126e-09,3.824337704490286e-09,1.0
2020-01-30 00:00:00,1.8820353049446603e-08,5.38800638016892e-07,1.792318087543469e-08,-1.0236491314447826e-07,1.0392216248601702e-07,1.0561260125892146e-07,1750315796.651825,758502.5883466926,3.6192125761804007e-09,3.889742920820767e-09,3.627550641049327e-09,3.6361674503704267e-09,1.0
2020-01-30 01:00:00,3.0898877386448083e-09,6.062667249075268e-07,3.2502533252770814e-08,-1.9634955400720402e-07,1.9902151146716627e-07,1.9904549588702787e-07,1749788648.5407028,758452.5836940946,3.7099473231643435e-09,3.981646142643083e-09,3.7174514767202762e-09,3.717517404038341e-09,1.0
2020-01-30 02:00:00,9.193764796648781e-08,5.864502614755884e-07,1.061286223221759e-07,-1.3772216547546745e-07,1.738697194431943e-07,1.9668047806751165e-07,1750354625.9914322,758475.03616173,3.803563099448939e-09,4.083851866191531e-09,3.910341464749875e-09,3.9489055903047236e-09,1.0
2020-01-30 03:00:00,6.935494835910197e-08,5.673698527849352e-07,9.139357453452773e-08,-1.0749092864735467e-07,1.4109247041450853e-07,1.5721702856103936e-07,1750947322.5136414,758485.2129918232,3.837445424062263e-09,4.125779233330631e-09,3.960983566683938e-09,3.99358671254201e-09,1.0
2020-01-30 04:00:00,7.851305567332676e-08,6.066337776440996e-07,1.1275028967873681e-07,-1.271788672967105e-07,1.6996203137616755e-07,1.8722016990879018e-07,1751228774.192627,758473.755742943,3.866725054527212e-09,4.159366372778731e-09,3.998150482317125e-09,4.026970399831011e-09,1.0
2020-01-30 05:00:00,1.4048581901077956e-07,7.408894626437405e-07,1.2078028648187798e-07,-1.6575707786577703e-07,2.0509336036362998e-07,2.485951564459278e-07,1751937926.336216,758462.920099529,3.930009274570337e-09,4.218266568105242e-09,4.0323138688547765e-09,4.092617978910431e-09,1.0
2020-01-30 06:00:00,1.9957610020486837e-07,8.677682454175616e-07,1.1604878862125217e-07,-1.9909430944259648e-07,2.3044709890316353e-07,3.048548591803452e-07,1753002318.6808891,758608.9407916565,4.076469934525953e-09,4.346701032833199e-09,4.146665909406694e-09,4.233554256987019e-09,1.0
2020-01-30 07:00:00,5.573208274438912e-07,1.0677940479636572e-06,4.178792113578026e-07,-3.316560280293892e-07,5.334967255881239e-07,7.715084321742657e-07,1754457817.7524033,758775.4032592414,4.422011295627495e-09,4.635436062998918e-09,4.5541403931232355e-09,4.596742307320677e-09,1.0
2020-01-30 08:00:00,1.005694561018451e-06,8.72924108389285e-07,8.116260026605691e-07,-5.420798361545754e-07,9.76005797605806e-07,1.4014310068719902e-06,1760046892.8682404,759222.807416195,4.857099892346191e-09,4.957896751424642e-09,4.927023262796118e-09,4.942946516020194e-09,1.0
2020-01-30 09:00:00,8.736729186442235e-07,2.0232208631121443e-07,8.489940365273203e-07,-7.419423111830851e-07,1.1275057725717642e-06,1.4263848134199154e-06,1767194603.5720406,759737.5221817903,4.839970334032837e-09,4.888684525286864e-09,4.867650406552642e-09,4.875552344548497e-09,1.0
2020-01-30 10:00:00,4.806533668344667e-07,2.080656700955052e-07,7.471981259870266e-07,-1.2025909809629924e-06,1.4158142911314522e-06,1.495178171998697e-06,1771156988.927826,759777.3788755323,4.203942574872542e-09,4.2385244735958156e-09,4.213602899083119e-09,4.2161851767234335e-09,1.0
2020-01-30 11:00:00,4.753131913458944e-07,8.41413597619759e-07,8.735426864113036e-07,-1.4345768745835205e-06,1.6796093694881853e-06,1.7455687508488225e-06,1773313960.1814537,759544.7516702926,3.5077594356819856e-09,3.520751934195599e-09,3.5112785236498583e-09,3.5119818131803185e-09,1.0
2020-01-30 12:00:00,5.226871158164193e-07,1.084705353361187e-06,9.936985544164386e-07,-1.1261797329151074e-06,1.5019046600493862e-06,1.5902576611727262e-06,1777234896.3242607,759337.4180573905,3.090188910466841e-09,3.110233432514302e-09,3.0989793233922084e-09,3.1001970849623362e-09,1.0
2020-01-30 13:00:00,5.080942001658383e-07,8.196549856558365e-07,1.0655482353839204e-06,-9.129628838108045e-07,1.4031729291665825e-06,1.4923317276624826e-06,1780004583.9257317,758905.774389525,2.930511533298582e-09,2.9375370719195948e-09,2.9345649707899507e-09,2.934909650467396e-09,1.0
2020-01-30 14:00:00,1.245387604801917e-07,6.278525280242489e-07,7.001481904712195e-07,-1.0902739700725515e-06,1.2957255953472116e-06,1.3016968622916123e-06,1783742298.8827286,758456.2302612003,2.97099760246535e-09,2.9311316205948274e-09,2.9594130228274514e-09,2.95915537345947e-09,1.0
2020-01-30 15:00:00,1.3398779619092583e-07,1.1805841929493038e-07,6.779178047141931e-07,-7.885244370996081e-07,1.0398765974151763e-06,1.0484732077549076e-06,1781604626.952568,757859.3651348641,3.0602679302416e-09,3.0276932729991404e-09,3.046466210980079e-09,3.0461605572673916e-09,1.0
2020-01-30 16:00:00,3.3299125656024815e-07,-3.9472323713433346e-07,9.751137664137832e-07,-3.465353474638828e-07,1.0348592196485414e-06,1.0871139689274354e-06,1785463923.1190643,757433.4069765435,2.965956710220879e-09,2.9945020207878906e-09,2.9913147161420065e-09,2.9916139072474014e-09,1.0
2020-01-30 17:00:00,2.1276406135995578e-07,-4.3135678748421206e-07,8.639721690447832e-07,-1.9489519192496877e-07,8.85681683630986e-07,9.108790207957371e-07,1785885469.5822525,756612.4810639872,2.71730524653535e-09,2.7429681587475404e-09,2.7417310313139516e-09,2.741798543505393e-09,1.0
2020-01-30 18:00:00,3.9558399373347233e-07,-6.693230231767847e-07,9.522425324888213e-07,1.422435322137925e-07,9.62807905626756e-07,1.040906220192532e-06,1788201580.3971176,756085.1977810829,2.3512089654255667e-09,2.3991052528170526e-09,2.398070052585028e-09,2.3982195930621015e-09,1.0
2020-01-30 19:00:00,2.315086447279221e-07,-7.116559484621186e-07,7.931678395809868e-07,1.677080368316625e-07,8.107041429297745e-07,8.431117719183262e-07,1790980106.4105759,755489.5946600863,1.9213803777712775e-09,1.992529929544237e-09,1.9895372692720453e-09,1.989763068994108e-09,1.0
2020-01-30 20:00:00,1.0359039546415883e-07,-5.755465781315198e-07,5.936196469469042e-07,1.3104773583002608e-07,6.079126535182036e-07,6.16675574625722e-07,1791187839.2542038,754873.8680664336,1.4067447687921182e-09,1.476588681223201e-09,1.4734163585963216e-09,1.4735059686846303e-09,1.0
2020-01-30 21:00:00,-6.281581203089286e-08,-3.077049299707483e-07,2.8926051979655816e-07,-7.023567446217967e-08,2.9766541330852045e-07,3.042211769769369e-07,1792315905.9268036,754394.2626898733,9.966404914083681e-10,1.0488428146974044e-09,1.046004947503253e-09,1.0461260950777596e-09,1.0
2020-01-30 22:00:00,-2.133206907092248e-07,-1.2316081488669218e-07,2.074416062597061e-08,-2.2748787563163636e-07,2.2843172669196133e-07,3.12548829535693e-07,1790377429.182354,754065.0508044407,8.43497376335759e-10,8.85354771813418e-10,8.438510511811061e-10,8.634330996185351e-10,1.0
2020-01-30 23:00:00,-2.2370992306682753e-07,-2.545519475981491e-07,-7.218931713275404e-08,-1.8100743296829668e-07,1.9487172267382908e-07,2.966835316906411e-07,1789566243.8321533,753823.534061252,8.829764595338194e-10,9.269475318637722e-10,8.891393367546656e-10,9.108284327851014e-10,1.0
2020-01-31 00:00:00,-1.390420425766286e-07,-4.09433783523599e-07,-7.674251595401906e-08,-7.622306382413396e-08,1.081636224138729e-07,1.7615918601529662e-07,1787495336.2297935,753665.8617921297,1.0402525846916598e-09,1.0467143628343048e-09,1.0435104183842436e-09,1.0455075995996416e-09,1.0
2020-01-31 01:00:00,1.4752593911669203e-08,-5.140032425356075e-07,5.1776053304777046e-08,-1.8168732221302966e-09,5.180792144184524e-08,5.386742755364347e-08,1787777749.3112335,753638.8757352079,1.1707509149368257e-09,1.1189280741355352e-09,1.1189932831903736e-09,1.1189883923836166e-09,1.0
2020-01-31 02:00:00,1.3487270986926634e-07,-7.13168901881413e-07,2.8924424468300333e-07,2.085059201228384e-08,2.899947935213731e-07,3.198243707677436e-07,1787685154.2140121,753589.4284335141,1.3031116925313842e-09,1.1707349120543133e-09,1.1714577124000297e-09,1.1713292034931373e-09,1.0
2020-01-31 03:00:00,1.0890313609208473e-07,-1.0205753434115168e-06,4.3003441326558915e-07,1.0026901165508135e-07,4.41569327842148e-07,4.5480035657600087e-07,1789515863.6139908,753346.5343453719,1.6073722121533723e-09,1.3748951333416342e-09,1.3878348255581604e-09,1.387096157401799e-09,1.0
2020-01-31 04:00:00,-5.992138507588009e-08,-1.0621307915632123e-06,3.807077666698936e-07,7.318157803464712e-08,3.876776327909818e-07,3.922811738483396e-07,1789091435.100357,752888.2439648996,2.0389963332314424e-09,1.7312629921062888e-09,1.7431623858849728e-09,1.7428856641889781e-09,1.0
2020-01-31 05:00:00,-1.7696045289341924e-07,-8.154212354744353e-07,2.7926103009209927e-07,-9.162321541094916e-09,2.7941129373044814e-07,3.3073504947671755e-07,1788741955.4423523,752306.227909179,2.505639740445127e-09,2.16416626320646e-09,2.164562375754229e-09,2.1644489838012935e-09,1.0
2020-01-31 06:00:00,-3.7804776396810017e-07,-4.826444572876292e-07,-5.2231548228932666e-08,-7.248365893878586e-08,8.934212580605831e-08,3.8846123009230397e-07,1786810422.3377914,751782.824262106,2.920857503332268e-09,2.6091176955309986e-09,2.8181909962504863e-09,2.6205945403265315e-09,1.0
2020-01-31 07:00:00,-6.619473460479641e-07,-4.028773370895884e-07,-1.9186046553527502e-07,1.4136376828047733e-07,2.3831523916415617e-07,7.035399364341814e-07,1783877189.6780472,751420.8189353206,3.399438053677044e-09,3.0519205802250097e-09,3.178534273191506e-09,3.066714117240992e-09,1.0
2020-01-31 08:00:00,-8.272829021475506e-07,-2.5514770654208133e-07,-1.7045327483104177e-07,6.374750800696945e-07,6.598702877160708e-07,1.0582182179475857e-06,1778311593.3087463,750381.8266173052,3.822667269894357e-09,3.4482185526007934e-09,3.798831298727538e-09,3.588622046469938e-09,1.0
2020-01-31 09:00:00,-1.2070523440412507e-06,2.0384223300086538e-07,-4.79679182978204e-07,8.720609369849801e-07,9.95280059278673e-07,1.564467244033328e-06,1773278654.317562,749384.1552897159,3.981866250925254e-09,3.6857939582300595e-09,3.9150915509461185e-09,3.780271707294361e-09,1.0
2020-01-31 10:00:00,-1.2657254668181812e-06,1.0014631200688023e-06,-4.1897450682124057e-07,6.215387094136897e-07,7.495665445213899e-07,1.4710237802353295e-06,1762910699.3340988,747956.4340542705,3.884397360461733e-09,3.732603086690106e-09,3.837616999024564e-09,3.760151389264306e-09,1.0
2020-01-31 11:00:00,-5.777610930425513e-07,1.6522717192689199e-06,2.6968741631774326e-07,4.733428740945404e-07,5.447795691618947e-07,7.940986460194623e-07,1757221424.644741,746749.873783492,3.867757018075968e-09,3.86076881306337e-09,3.866045628208843e-09,3.863253213360132e-09,1.0
2020-01-31 12:00:00,1.1270402841785766e-07,1.4390386682285392e-06,9.72335043861097e-07,6.411204134191217e-07,1.164676273486786e-06,1.170116669415781e-06,1755597584.2326431,745681.7964825172,4.013636714913668e-09,4.015795167483874e-09,4.015141239541886e-09,4.015147306702297e-09,1.0
2020-01-31 13:00:00,5.567188702333419e-07,9.515815836374295e-07,1.2594660418239781e-06,5.204924673191608e-07,1.3627791893934052e-06,1.4721083586195803e-06,1758626847.9767303,744728.1582988119,4.101692486145361e-09,4.054554966719842e-09,4.061465187328055e-09,4.060477618372322e-09,1.0
2020-01-31 14:00:00,6.301866767743651e-07,4.3894457511287906e-07,1.0592066545901966e-06,2.0657902799368863e-07,1.0791633944565454e-06,1.249691513742048e-06,1762649356.714508,744250.4081836618,4.1811729118189775e-09,4.041058108827185e-09,4.046278057683581e-09,4.044951304848024e-09,1.0
2020-01-31 15:00:00,7.0877176636754e-07,2.5579954041605774e-07,9.68864663384828e-07,-1.1184429008447864e-07,9.752988676197143e-07,1.2056389583868215e-06,1766624121.0839958,744014.7324742585,4.252866954017686e-09,4.040290779486621e-09,4.043158850967152e-09,4.042167865225133e-09,1.0
2020-01-31 16:00:00,7.387053560800366e-07,3.748366840169279e-07,9.355438503381819e-07,-3.7827506469941724e-07,1.0091255226575824e-06,1.2506078216532441e-06,1771666036.8872452,744018.7635202234,4.116275276511151e-09,3.903855708803992e-09,3.93439660593208e-09,3.923767906455006e-09,1.0
2020-01-31 17:00:00,4.7321748033862087e-07,4.545218030996925e-07,5.521140403411314e-07,-3.2740847154542257e-07,6.418926863436895e-07,7.974716323980127e-07,1776046566.004818,743995.2893767159,3.6494728109686505e-09,3.5266910104356344e-09,3.559042664302061e-09,3.547684641613799e-09,1.0
2020-01-31 18:00:00,-4.989088120996904e-09,7.123137910660668e-07,-5.478135673153208e-09,-2.597393682000135e-07,2.5979713116852473e-07,2.59845031439269e-07,1777721101.2970886,744130.6471348517,3.1307795198395164e-09,3.14684610762793e-09,3.13078668181703e-09,3.1307926172930144e-09,1.0
2020-01-31 19:00:00,-2.5949716341652776e-07,8.55933365229975e-07,-2.2409571323785364e-07,-1.1330947562138549e-07,2.511133727167386e-07,3.611048376557697e-07,1775985002.4935532,744048.2765186343,2.7794694386042317e-09,2.9060051702462084e-09,2.880692270075576e-09,2.893791872217715e-09,1.0
2020-01-31 20:00:00,-3.1295423832092027e-07,9.262515823872793e-07,-2.725358145442078e-07,1.3941489279762982e-07,3.061246193024165e-07,4.3778149552725134e-07,1774403191.7098465,743956.0224114703,2.5582118861679377e-09,2.7898805428638228e-09,2.7434394726831122e-09,2.767269656521469e-09,1.0
2020-01-31 21:00:00,-2.927365791657169e-07,1.1058272041136139e-06,-2.3674011079063126e-07,2.1504026324396658e-07,3.198252567781269e-07,4.335699478225409e-07,1771988233.5846825,743788.355820879,2.4073307046978098e-09,2.724631371973947e-09,2.586012848682368e-09,2.6501035211017386e-09,1.0
2020-01-31 22:00:00,-1.4563074583905407e-07,1.3025862106498722e-06,-8.039366872535308e-08,2.1965677023353633e-07,2.339064742168339e-07,2.7553684474891835e-07,1770670983.9468002,743658.484923379,2.382163115220408e-09,2.753633778399637e-09,2.429005713317136e-09,2.5238965103275245e-09,1.0
2020-01-31 23:00:00,-2.472104188032713e-07,1.523238448361516e-06,-1.609528760608056e-07,2.7111441186432773e-07,3.15291694519195e-07,4.006517737358393e-07,1770134189.6508064,743539.6700599351,2.5116401137481676e-09,2.932435081674265e-09,2.627798714878346e-09,2.7477625620063033e-09,1.0
2020-02-01 00:00:00,-4.5713339209904614e-07,1.973437858980111e-06,-4.1211212511086135e-07,4.3878630341900487e-07,6.01971613725685e-07,7.558708632454922e-07,1767524961.5576782,743312.4675600557,3.0793235785633567e-09,3.5541430119015582e-09,3.3103538342130705e-09,3.4015482411895913e-09,1.0
2020-02-01 01:00:00,-4.4762214118217754e-07,2.702469535875483e-06,-5.606535839120447e-07,3.2762935455404395e-07,6.493638695823164e-07,7.886945013092439e-07,1764329278.526455,743174.6125467641,4.134460284331042e-09,4.543083519026494e-09,4.442631983850257e-09,4.475234698412271e-09,1.0
2020-02-01 02:00:00,-2.5153911734859865e-07,3.709576949762888e-06,-7.723368858002817e-07,-2.0549560532149747e-07,7.992075506238202e-07,8.378571695286961e-07,1761864547.3353844,743326.306603083,5.51207108196235e-09,5.661084594458132e-09,5.651354183552249e-09,5.652231875799024e-09,1.0
2020-02-01 03:00:00,5.075832617918442e-07,5.027708219874364e-06,-7.307463428593888e-07,-1.2514827258409543e-06,1.4492064141041734e-06,1.5355259679770722e-06,1761183930.6549797,744248.5985010333,7.2162106277000305e-09,6.940428536504814e-09,7.1471000577744785e-09,7.12480884817521e-09,1.0
2020-02-01 04:00:00,1.4056727264686234e-06,5.367191803129514e-06,-9.900549165234024e-08,-2.4487691364125063e-06,2.450769750675035e-06,2.8252766563226165e-06,1768372369.8579636,746402.1068338151,9.271453746991047e-09,8.708641501927712e-09,9.270563086676374e-09,9.134684506650346e-09,1.0
2020-02-01 05:00:00,1.8101239994511242e-06,4.012745335283814e-06,6.140988538498823e-07,-2.8062089615116876e-06,2.8726166012832696e-06,3.395360810187509e-06,1779021223.2488937,748327.4497516195,1.1070808518539226e-08,1.05870236020792e-08,1.1049161204369349e-08,1.0919805031700784e-08,1.0
2020-02-01 06:00:00,1.6779074537365634e-06,2.15672239948973e-06,1.0199996062727442e-06,-2.8558277870559067e-06,3.032515712427092e-06,3.4657647019701023e-06,1791474769.597496,749958.359987144,1.2035990435862582e-08,1.1822242101785776e-08,1.201199900656909e-08,1.1967791972212841e-08,1.0
2020-02-01 07:00:00,1.5875825371323382e-06,7.921107958880481e-07,1.657873559831469e-06,-2.949263366278353e-06,3.3832970818507486e-06,3.7372606888290978e-06,1800598119.3046303,750638.1313962244,1.2087829342619322e-08,1.2158393194413836e-08,1.2104810435971754e-08,1.211449716895014e-08,1.0
2020-02-01 08:00:00,1.3406405421071482e-06,4.7990296009195135e-08,2.296802026855037e-06,-2.800758547598804e-06,3.6220916598718437e-06,3.8622357586836305e-06,1812036613.849083,750656.3394686986,1.1136592282707981e-08,1.1413824919106202e-08,1.1248887377078452e-08,1.1268888438755456e-08,1.0
2020-02-01 09:00:00,6.006584702296386e-07,-5.688758742461824e-07,2.505729399474634e-06,-2.0874208834770373e-06,3.2612889734225586e-06,3.316141789192099e-06,1818075338.404255,749310.8257168365,9.49922832991371e-09,9.888934092590902e-09,9.731167989484032e-09,9.736384650679538e-09,1.0
2020-02-01 10:00:00,-4.297145950938393e-08,-1.3664289220125618e-06,2.3855203408581333e-06,-7.759127202055775e-07,2.5085349999600807e-06,2.5089030256981014e-06,1819924565.1527214,746891.1951938538,7.558470920289541e-09,7.970202414746977e-09,7.93173581537564e-09,7.931747127072791e-09,1.0
2020-02-01 11:00:00,-7.120918423843842e-07,-1.5897303843681585e-06,1.7692056914003678e-06,1.2952486880382917e-07,1.7739406613869874e-06,1.9115282530249165e-06,1817550932.703022,744002.8267652972,5.5719825009171146e-09,5.897597354600951e-09,5.895909103998516e-09,5.896143419508124e-09,1.0
2020-02-01 12:00:00,-8.760210846411312e-07,-6.835109060597569e-07,8.550555886437559e-07,2.10054015595957e-08,8.553135603774792e-07,1.2243260298227036e-06,1810620392.3172798,741071.9127577503,3.737091813150941e-09,3.871646397780017e-09,3.871566653196424e-09,3.871607479337312e-09,1.0
2020-02-01 13:00:00,-5.2387823202795e-07,4.338992125911327e-08,-2.3536085398774757e-09,-2.9825623191240447e-07,2.9826551820105685e-07,6.028355674149259e-07,1806125963.4792976,739791.8446212346,2.737186095793535e-09,2.7030921674699415e-09,2.7371839860660072e-09,2.7114774082331113e-09,1.0
2020-02-01 14:00:00,-2.2253297715241756e-07,-9.53574162304247e-09,-3.6211351743901496e-07,-3.422658370148562e-07,4.982691067079475e-07,5.457041585143496e-07,1803805752.562336,739725.8220835513,2.862406003614817e-09,2.758493680007568e-09,2.8080033568044833e-09,2.799830928266645e-09,1.0
2020-02-01 15:00:00,-1.685793616344281e-07,-1.1964881719581315e-07,-4.7074701511227043e-07,-6.545221469410406e-07,8.062270108805716e-07,8.236631558121879e-07,1803234780.4098473,740040.4972509503,3.394934792121911e-09,3.274920252226994e-09,3.3545011145117062e-09,3.3512054025139068e-09,1.0
2020-02-01 16:00:00,1.400582536100646e-07,-3.446577364583514e-07,-2.658630533030131e-07,-9.057766035065396e-07,9.439885690893951e-07,9.543221327076852e-07,1801612149.8425484,740406.279524292,3.811747964916222e-09,3.682606454320348e-09,3.801664652398416e-09,3.799139563389636e-09,1.0
2020-02-01 17:00:00,5.652193083019308e-07,-5.575910096946334e-07,4.783206244061933e-08,-1.0085342808689703e-06,1.0096679166365615e-06,1.1571094020716138e-06,1805056784.8842697,741144.1398012069,4.0915427703101835e-09,3.952991225410933e-09,4.091237072379098e-09,4.058678262815899e-09,1.0
2020-02-01 18:00:00,8.719484202191077e-07,-8.913526324863425e-07,4.0479078713909907e-07,-8.746687172253957e-07,9.637950748190253e-07,1.2996903453392304e-06,1808955690.6823921,741989.0750007011,4.288898576083134e-09,4.18642248156201e-09,4.271000683186683e-09,4.233141801244197e-09,1.0
2020-02-01 19:00:00,1.0346308192580476e-06,-1.5117906802456545e-06,8.537825260140007e-07,-5.580419026937645e-07,1.0199781207893259e-06,1.4528648591825405e-06,1816427625.5185432,742756.7677238904,4.0518319281508826e-09,4.104071460129501e-09,4.088504536994345e-09,4.0964064034247085e-09,1.0
2020-02-01 20:00:00,1.0629624265384477e-06,-2.2146959665815734e-06,1.3578847129902471e-06,-1.6731765627600882e-07,1.3681542646479243e-06,1.7325516477458347e-06,1822493919.3155098,743007.7870581397,3.4693884026247033e-09,3.793562852358916e-09,3.788918833767208e-09,3.7906675657740205e-09,1.0
2020-02-01 21:00:00,1.059112589227465e-06,-2.7986701317758082e-06,1.86220678525749e-06,4.652920964103421e-07,1.9194558723870073e-06,2.1922660246195196e-06,1830388377.1031265,742677.286916459,2.7572025412984586e-09,3.3170654062051923e-09,3.2868051820941704e-09,3.2938927379239358e-09,1.0
2020-02-01 22:00:00,6.989184432473311e-07,-2.7592985347018294e-06,1.669136687826553e-06,8.230748960119886e-07,1.861039915502551e-06,1.9879528559312e-06,1836453135.8633728,741676.1253640777,2.476964211756476e-09,2.941898179819339e-09,2.856916064303258e-09,2.867556810223349e-09,1.0
2020-02-01 23:00:00,4.806951699370923e-07,-1.9945832755393126e-06,1.1042716227659373e-06,5.35898980974361e-07,1.227437792580738e-06,1.3182076395835085e-06,1839621743.6466064,740712.0725671932,2.6375315202785273e-09,2.872888673973289e-09,2.8295356425290126e-09,2.8353387496079675e-09,1.0
2020-02-02 00:00:00,3.720904024630382e-07,-1.4237656985747488e-06,6.168992336045804e-07,4.915420304952399e-08,6.188544256118336e-07,7.221025326810993e-07,1842806137.3059425,740428.7166432979,2.9426722505314235e-09,3.0195559753951887e-09,3.01907707114766e-09,3.0192042377846663e-09,1.0
2020-02-02 01:00:00,1.937232340244025e-07,-1.4297519637669737e-06,2.4162710698578977e-07,-3.905996185896211e-08,2.4476384424735993e-07,3.121506540944922e-07,1844559961.615612,740364.798398373,3.2529279701697942e-09,3.198387098566818e-09,3.199787599269323e-09,3.199248262780529e-09,1.0
2020-02-02 02:00:00,-1.544429122186878e-08,-1.0521202135022999e-06,-3.1180557253069787e-07,-3.709787437809839e-07,4.846111259541131e-07,4.848571640492272e-07,1845380965.4211197,740438.2576311162,3.1256326415474612e-09,3.1061193872876988e-09,3.117569329518683e-09,3.11755773335917e-09,1.0
2020-02-02 03:00:00,-5.5512655221596096e-08,-6.165690411580409e-07,-6.683950164356675e-07,-7.575775406535914e-07,1.0102849242163223e-06,1.0118089162428506e-06,1844337943.6769066,741106.6463743385,2.9481010630955116e-09,3.028432783045683e-09,2.9835286099720245e-09,2.9836647919911156e-09,1.0
2020-02-02 04:00:00,1.0879195430495548e-07,-4.139144247662913e-07,-7.308260455612213e-07,-1.0612821985332974e-06,1.2885754202972836e-06,1.2931598134475927e-06,1844643981.4109383,741968.8058389085,2.92036500651911e-09,3.170411564949548e-09,3.0030693497853585e-09,3.004286492271782e-09,1.0
2020-02-02 05:00:00,1.6447428018855933e-07,-2.516829548770153e-07,-9.96917227789964e-07,-1.5231391094784967e-06,1.8203836699683324e-06,1.8277988113386329e-06,1845771767.158699,743323.4481148229,3.029971188943497e-09,3.5771083782972364e-09,3.203887828848159e-09,3.2070843263286247e-09,1.0
2020-02-02 06:00:00,2.0508726689849393e-07,-2.5795619638444785e-07,-1.0591116331893584e-06,-1.7601610165522917e-06,2.054235686513947e-06,2.0644478784390078e-06,1846820094.1691017,745089.0973750202,3.5546463898988137e-09,4.3355171158995444e-09,3.7779971871331625e-09,3.783900667798016e-09,1.0
2020-02-02 07:00:00,-1.0223129073271903e-07,-3.2945958178036124e-07,-9.908982999642987e-07,-1.8286910637689863e-06,2.0799015475691833e-06,2.0824124674006256e-06,1848498331.4305267,746807.8559805937,4.378515060397619e-09,5.278958699283501e-09,4.59838521464349e-09,4.6001465046370225e-09,1.0
2020-02-02 08:00:00,-8.496243096383487e-07,-3.8468147341501054e-07,-1.1567620378719223e-06,-1.7056022083016517e-06,2.0608680950572925e-06,2.2291340858623814e-06,1845460502.0686913,747667.1652558746,5.316374658302675e-09,6.24675875525502e-09,5.626123018216087e-09,5.72046588668682e-09,1.0
2020-02-02 09:00:00,-1.2416120797918818e-06,-4.5033988020021284e-07,-1.1873058193794653e-06,-1.2051710644100707e-06,1.6917837932855505e-06,2.09850731709679e-06,1837217987.7194214,747721.7098050718,6.152230082668748e-09,7.103015723109788e-09,6.637565805492624e-09,6.8041274399038555e-09,1.0
2020-02-02 10:00:00,-1.241254616557963e-06,-6.169361702327906e-07,-1.0896601474727677e-06,-3.6244063342274507e-07,1.1483564123329718e-06,1.6909865383475737e-06,1829051429.940548,747410.4683559787,6.689113440469086e-09,7.632490794436945e-09,7.54380959413761e-09,7.591721260075238e-09,1.0
2020-02-02 11:00:00,-9.086783202229497e-07,-8.343227809580807e-07,-8.877744176244389e-07,5.185126194067288e-07,1.0281044465775056e-06,1.3721133490771236e-06,1820876588.904583,746905.6500419261,6.751339593341877e-09,7.625107939827724e-09,7.412632124657944e-09,7.506558415219533e-09,1.0
2020-02-02 12:00:00,-7.36875684172703e-07,-6.673868310544513e-07,-8.361306481952591e-07,6.411925166715094e-07,1.0536803615361576e-06,1.2857791716356107e-06,1817133234.812313,746672.4370249874,6.124381554874346e-09,6.8861249222713745e-09,6.614283843445189e-09,6.7047828658569644e-09,1.0
2020-02-02 13:00:00,-5.266396434531747e-07,-2.787475494377139e-07,-6.748818990578192e-07,2.3892392908961136e-07,7.159261285687974e-07,8.887629243077105e-07,1811235157.9537926,746467.035846971,5.162026528836477e-09,5.820802165964624e-09,5.751167205316621e-09,5.775713054745926e-09,1.0
2020-02-02 14:00:00,-2.3431150252097057e-08,-3.0943330764081416e-07,-1.9702400284786485e-07,9.789726217300538e-08,2.2000529911610221e-07,2.2124952077078485e-07,1810265869.7952194,746624.3238213517,4.3595929455042245e-09,4.929414947664612e-09,4.821937210248202e-09,4.823155917712748e-09,1.0
2020-02-02 15:00:00,-1.4859595777439214e-08,-2.8508694442795556e-07,-1.9360511464304971e-07,-1.2059345115435934e-07,2.2809147480181558e-07,2.2857499527274665e-07,1810931266.0644417,746791.5558629876,3.779681582535679e-09,4.295671370745867e-09,4.157889435435174e-09,4.158481344062316e-09,1.0
2020-02-02 16:00:00,-1.4291515103964898e-07,-1.8908117224774754e-07,-3.0533040016216236e-07,-3.3136714689556053e-07,4.5058943541198367e-07,4.7271088384082703e-07,1810070093.7115517,747058.8189729418,3.4118914388045992e-09,3.896420215038586e-09,3.6423867707070067e-09,3.6663374198929236e-09,1.0
2020-02-02 17:00:00,7.045110962778471e-08,-2.80210253993336e-07,-8.250013445858336e-08,-2.7408049914644674e-07,2.862278676125889e-07,2.9477067534922104e-07,1809068963.4150047,747218.2926097446,3.254528344640901e-09,3.7222281879179623e-09,3.2959126562262766e-09,3.3217386165806618e-09,1.0
2020-02-02 18:00:00,4.45752845928712e-07,-4.2747074714066174e-07,3.5616813093688836e-07,-1.825303171458875e-07,4.002162592554864e-07,5.990564696470616e-07,1810989418.2386246,747549.5018811418,3.2979049235355697e-09,3.784817328525341e-09,3.6888333347385423e-09,3.7422812018524544e-09,1.0
2020-02-02 19:00:00,1.4587916156097434e-07,-2.937843392380136e-07,5.803443733521503e-07,-4.199592607273833e-07,7.163556186365752e-07,7.310582070737755e-07,1814881507.8885918,747722.8419880944,3.715530749560486e-09,4.184751642645095e-09,4.029655602783844e-09,4.0359451997757816e-09,1.0
2020-02-02 20:00:00,-3.608359771701103e-07,-1.3030008288798167e-07,6.338982142102643e-07,-3.912448585199592e-07,7.44915757181485e-07,8.277089390103103e-07,1812890651.8945274,746867.8514871988,4.411357345039243e-09,4.768734267651598e-09,4.672880272515616e-09,4.691247918838048e-09,1.0
2020-02-02 21:00:00,-5.621178296265671e-07,-7.149498487200204e-08,7.004664037247101e-07,2.445319862497748e-08,7.008931028837572e-07,8.984584553857254e-07,1810173421.430767,745554.2192995457,4.933652098553194e-09,5.095851774725198e-09,5.095657481029874e-09,5.095733535101272e-09,1.0
2020-02-02 22:00:00,-8.768465044100009e-07,1.9302796028957154e-07,5.540487119614528e-07,4.884625294402312e-07,7.386241384447801e-07,1.146483933681293e-06,1805566400.9523773,743829.4515687609,5.20858055559051e-09,5.093671048741569e-09,5.144240965111687e-09,5.114721301816122e-09,1.0
2020-02-02 23:00:00,-1.1024161731190671e-06,7.540312028190067e-07,4.873503959473495e-07,9.7886283736118e-07,1.0934728450203134e-06,1.5527408932437206e-06,1798776490.9048424,741785.1905724205,5.1129910744459016e-09,4.732059795850899e-09,5.039615130817792e-09,4.887004757768551e-09,1.0
2020-02-03 00:00:00,-8.599443691107321e-07,1.1721771360510986e-06,8.79687437840854e-07,1.6374190298901716e-06,1.8587606267998784e-06,2.048046724493055e-06,1791292882.2741814,739398.8925867713,4.422510595680817e-09,3.954464143140189e-09,4.322084562810082e-09,4.2595761379495595e-09,1.0
2020-02-03 01:00:00,-5.857945377809838e-07,1.4845925008549134e-06,1.274632993696132e-06,2.1470411060891453e-06,2.496893025312711e-06,2.56468906894175e-06,1787654432.0750504,736907.5097908761,3.776597087108214e-09,3.5229328563540342e-09,3.7121631544418886e-09,3.7025301230436633e-09,1.0
2020-02-03 02:00:00,-1.1852661454236291e-07,2.296102522318983e-06,1.945924004734213e-06,1.4637011620636247e-06,2.4349622839024103e-06,2.437845336025671e-06,1783761006.7154617,734258.5205552228,3.369356104977192e-09,3.478626199702493e-09,3.4395427270631414e-09,3.4396356380767785e-09,1.0
2020-02-03 03:00:00,5.374397310474443e-07,2.7006048406107305e-06,2.624929404478465e-06,5.410929548366144e-07,2.6801186474239323e-06,2.7334735097999096e-06,1786154028.6142654,731900.6095759225,3.072468165379656e-09,3.405835280083208e-09,3.3928875862266937e-09,3.3933890251039085e-09,1.0
2020-02-03 04:00:00,7.116529738603744e-07,2.3417861521036323e-06,2.5990839281362816e-06,1.908716881906725e-07,2.606083127386592e-06,2.701503141225898e-06,1790667105.1669044,729911.987142604,3.006170108400232e-09,3.4425768320343767e-09,3.4403835322311322e-09,3.44053578050814e-09,1.0
2020-02-03 05:00:00,4.90710781425297e-07,1.66833509702744e-06,2.3406159208383257e-06,-1.3650010375261963e-09,2.3406163188591326e-06,2.3915020014870785e-06,1795321507.525322,728214.786781264,3.2371160404034965e-09,3.694976743860235e-09,3.6949765977900606e-09,3.694976603940006e-09,1.0
2020-02-03 06:00:00,1.9398421442573422e-07,8.809314622218767e-07,2.21608159686642e-06,2.229367553493282e-07,2.2272670340252665e-06,2.235698619291535e-06,1797000382.8864632,726276.1685990079,3.6045731141085384e-09,4.088443367626838e-09,4.083879859526593e-09,4.083914234774884e-09,1.0
2020-02-03 07:00:00,-2.322859721192179e-08,2.921504108079712e-07,2.0301952214532033e-06,5.897490794824093e-07,2.114118401121794e-06,2.1142460078453983e-06,1797820027.530056,724023.9294281796,3.876714023688682e-09,4.374722218361222e-09,4.338020442282124e-09,4.338024891207117e-09,1.0
2020-02-03 08:00:00,1.027947648224276e-07,-6.256559074333446e-08,1.943963906759427e-06,6.303896530006302e-07,2.0436209984714945e-06,2.0462046693985738e-06,1796707542.54142,721828.1167556612,3.974028556062126e-09,4.366380371320508e-09,4.330577895171083e-09,4.330668623706879e-09,1.0
2020-02-03 09:00:00,2.026460595148897e-07,-2.5434681493961146e-07,1.8155800743456703e-06,5.843293654573808e-07,1.9072943699641267e-06,1.9180295198806946e-06,1799145405.660244,720099.0502944639,3.989055361102406e-09,4.253154270270395e-09,4.229067386481114e-09,4.229337016065185e-09,1.0
2020-02-03 10:00:00,1.284953865135604e-07,-3.1564406017271547e-07,1.5701027531957893e-06,5.064550508552221e-07,1.649763429746751e-06,1.6547599337925222e-06,1799342937.447754,718461.8060699081,4.178246659152656e-09,4.311719904400374e-09,4.299318149043737e-09,4.29939303672481e-09,1.0
2020-02-03 11:00:00,5.0166802752761355e-08,-1.5011566022900447e-07,1.4000770274760318e-06,1.6776610515887258e-07,1.4100926029542524e-06,1.410984711825303e-06,1800811004.538271,717083.2010366878,4.489966235468354e-09,4.488956791128393e-09,4.488971081505491e-09,4.488971063440771e-09,1.0
2020-02-03 12:00:00,-1.801692832655783e-07,-7.171746055347971e-08,1.0979906421736016e-06,-1.002420604511102e-07,1.1025569921706008e-06,1.1171807783956519e-06,1799999489.316677,715697.1680964354,4.837577359309841e-09,4.780206770537828e-09,4.780683820491303e-09,4.7806714137609215e-09,1.0
2020-02-03 13:00:00,-1.340501716978371e-07,-1.9114425851900694e-07,9.213053383428561e-07,-7.989690187817671e-08,9.247632353141941e-07,9.344284295337954e-07,1798479490.6501732,714422.7890533766,5.3651805763975585e-09,5.3035654031191115e-09,5.304027978965689e-09,5.3040184596206945e-09,1.0
2020-02-03 14:00:00,1.0216706922826945e-07,-2.3466109966377777e-07,9.283488818436761e-07,-2.785574205656963e-08,9.287667030992906e-07,9.34369144835498e-07,1798264689.0146027,713515.3700067067,5.7541118189358896e-09,5.733215682699463e-09,5.733234513647929e-09,5.733234288505999e-09,1.0
2020-02-03 15:00:00,1.6709229104759494e-07,-5.446526255816548e-07,1.0269864681640867e-06,2.916701946199357e-08,1.027400564929006e-06,1.0408994930078385e-06,1799801416.211111,712825.1991749564,5.71560162597597e-09,5.7185745516065624e-09,5.718572156219304e-09,5.718572217945719e-09,1.0
2020-02-03 16:00:00,2.0065766696184615e-07,-1.0789681516879629e-06,1.15514138862039e-06,3.142713651831045e-07,1.1971291152912014e-06,1.2138293199574912e-06,1800432404.1692924,711876.1307155653,5.6230588774112235e-09,5.6469502057747736e-09,5.645306926257242e-09,5.645351838959745e-09,1.0
2020-02-03 17:00:00,4.483641917954771e-08,-8.578918745145723e-07,1.0017475067937834e-06,1.2438716502966183e-07,1.0094405550559563e-06,1.010435816208294e-06,1802405055.701023,710939.5662937927,5.570910632896325e-09,5.644643464419893e-09,5.643531098764204e-09,5.643533289220857e-09,1.0
2020-02-03 18:00:00,-1.855984779225084e-07,-7.577654655019513e-07,7.423099422226768e-07,-1.545525147363191e-07,7.582285474274588e-07,7.806134287476138e-07,1801011547.0363483,709958.4766876082,5.484892677561534e-09,5.578280363558817e-09,5.5744314272113795e-09,5.574649077346532e-09,1.0
2020-02-03 19:00:00,-1.3939214364072375e-07,-1.10914950064247e-06,5.689470138103917e-07,1.103878792653188e-07,5.795568897118355e-07,5.960841871088452e-07,1800005617.7908096,709039.4113292458,5.280556730048648e-09,5.385371351186523e-09,5.3816045090990516e-09,5.3818105637667535e-09,1.0
2020-02-03 20:00:00,-1.1817794508834039e-07,-1.0152512364773475e-06,3.108409349995404e-07,2.1942305475032275e-07,3.804846433528581e-07,3.9841509827396656e-07,1799206292.5571442,708442.1827668196,5.005580855015483e-09,5.106481669143194e-09,5.073147263422117e-09,5.076088924249393e-09,1.0
2020-02-03 21:00:00,-1.0523108679235498e-08,-9.275905305672605e-07,2.5824597766987256e-07,2.1981835386394838e-07,3.3913285549784814e-07,3.392960793973301e-07,1798473628.3280182,708054.74770034,4.794351813672583e-09,4.84353508895859e-09,4.8229326024812304e-09,4.8229524623231524e-09,1.0
2020-02-03 22:00:00,8.411304575612904e-08,-8.197417123024908e-07,2.2618283862858003e-07,2.2227234982832095e-07,3.1711776044284523e-07,3.2808334071491413e-07,1799069451.9153366,707835.9053884061,4.568209390762514e-09,4.566654460987861e-09,4.567418434208497e-09,4.567368222781822e-09,1.0
2020-02-03 23:00:00,-1.2848942430268265e-08,-7.711854056960951e-07,1.1880082158502283e-07,1.273383634010013e-07,1.7415135372118671e-07,1.7462470994821505e-07,1799561736.2208538,707751.2250846792,4.3652876493084675e-09,4.30154937154726e-09,4.335743232410815e-09,4.335558830749873e-09,1.0
2020-02-04 00:00:00,-9.079508409925289e-09,-8.252351393753364e-07,1.23202840397242e-07,1.2828101143321055e-07,1.7786218759555326e-07,1.780937821745658e-07,1798904202.3010979,707528.0368906509,4.297881655547465e-09,4.158448565900388e-09,4.231552919081566e-09,4.23136454882589e-09,1.0
2020-02-04 01:00:00,-3.315189877359857e-08,-7.390946455485557e-07,4.746470667030651e-08,1.4756667092005739e-07,1.5501232449623724e-07,1.585177249963602e-07,1799443868.7298565,707442.9751760548,4.204582553601799e-09,4.025479706470304e-09,4.188115604190044e-09,4.181134496784616e-09,1.0
2020-02-04 02:00:00,-1.6208375986655913e-07,-6.343644638249582e-07,-4.3054797399653586e-08,-2.2131679111577694e-08,4.8409986567061364e-08,1.6915871840346707e-07,1798473567.599409,707300.4515835416,4.0600552433630906e-09,3.8546610058195365e-09,3.8984842464399545e-09,3.858268820170229e-09,1.0
2020-02-04 03:00:00,-1.2766721138989178e-07,-5.190838882260189e-07,-2.189140760429513e-08,-1.1914781083660956e-07,1.2114220797910976e-07,1.7599531646644804e-07,1797344894.7535133,707122.50578044,3.847846535025607e-09,3.6542092283230357e-09,3.841677371608409e-09,3.74420059550398e-09,1.0
2020-02-04 04:00:00,-9.309556044017923e-08,-3.993822200338987e-07,4.289575434718234e-09,-1.2799118768226094e-07,1.2806304924421362e-07,1.5832538632637835e-07,1796820017.9994926,707059.4169604194,3.59203650961772e-09,3.4359973303562952e-09,3.591865236951005e-09,3.5387511502130143e-09,1.0
2020-02-04 05:00:00,1.748136122663412e-08,-4.87710381573123e-07,1.6802558801280239e-07,-6.022318321279892e-08,1.7849210073090166e-07,1.793461123461181e-07,1796140389.507742,706921.9587766251,3.3350352366798323e-09,3.176289452310524e-09,3.194758737006602e-09,3.1945837638782596e-09,1.0
2020-02-04 06:00:00,1.8814775623679077e-07,-5.263616130134135e-07,2.9992244504115413e-07,-5.133652321123987e-10,2.999228843941817e-07,3.5405270054084395e-07,1797046859.7110214,706796.1529650501,2.943215113617758e-09,2.784873780825782e-09,2.7848742579178463e-09,2.7848741231878088e-09,1.0
2020-02-04 07:00:00,2.9323497652508153e-07,-4.7401199455686855e-07,3.1478770800076527e-07,2.835282302710345e-08,3.1606199341581913e-07,4.3114027315903395e-07,1798574263.2074127,706813.5797702566,2.522062626299138e-09,2.370459527920504e-09,2.3717181957046835e-09,2.371136034149145e-09,1.0
2020-02-04 08:00:00,2.043895593662619e-07,-4.7202074891882574e-07,2.741152338145676e-07,-4.317329274440248e-08,2.7749431456447706e-07,3.446421137840581e-07,1800844505.1843262,706916.2977988116,2.1447122129791318e-09,1.9693468419722877e-09,1.9737757457731076e-09,1.9722192041972457e-09,1.0
2020-02-04 09:00:00,1.5207299240190444e-07,-5.397125343377719e-07,2.9200901065347564e-07,-8.991701098751885e-09,2.921474165408124e-07,3.2935741681270914e-07,1801223846.4837494,706813.8992335642,1.8725597454007086e-09,1.647131251534017e-09,1.647359393243309e-09,1.6473107580869532e-09,1.0
2020-02-04 10:00:00,1.8374754334128826e-07,-5.536727085017592e-07,2.657774558188927e-07,9.639368369294884e-08,2.827178775342297e-07,3.3718327058354827e-07,1802817543.4297123,706736.4099182637,1.7429583227331054e-09,1.4923135054312248e-09,1.5235703763749752e-09,1.5143554047698645e-09,1.0
2020-02-04 11:00:00,5.608230908810139e-08,-3.863138004028811e-07,6.987840352032902e-08,2.1720392253395893e-08,7.317627155158502e-08,9.21954017879669e-08,1803608556.6481476,706726.8418302768,1.8485114540945036e-09,1.6040818454524704e-09,1.6270927443102128e-09,1.6186162225028507e-09,1.0
2020-02-04 12:00:00,1.6321232382416244e-08,-3.686407205162059e-07,3.0019794502478864e-08,8.199261107360582e-09,3.1119382138431605e-08,3.513970078356628e-08,1803545003.8817272,706734.5578350687,2.039678352195665e-09,1.787592283965416e-09,1.8062289853136446e-09,1.8022248001584337e-09,1.0
2020-02-04 13:00:00,-5.70610055932336e-08,-3.3691788471882e-07,-2.6087224068029775e-08,-6.448640889633372e-08,6.956321004612094e-08,8.997220988300653e-08,1803821173.8456764,706706.8794106914,2.213907287659619e-09,1.948999019582813e-09,2.1785990320098954e-09,2.0892851960103305e-09,1.0
2020-02-04 14:00:00,-3.440941301100099e-08,-2.7607877725038885e-07,-6.433205818703709e-08,-3.756228378613027e-08,7.449522718812333e-08,8.205819019191048e-08,1802802951.537037,706664.746142213,2.3620351195626183e-09,2.0955592277170103e-09,2.166418128585456e-09,2.1541274001490756e-09,1.0
2020-02-04 15:00:00,4.719964206190126e-08,-3.127189434647551e-07,7.144338703017424e-09,2.5799708290099843e-08,2.6770627997073196e-08,5.426299599293498e-08,1803374981.9267273,706759.0311807462,2.344099365545619e-09,2.0737779701725454e-09,2.3258861977441173e-09,2.137878728043508e-09,1.0
2020-02-04 16:00:00,6.875801995581943e-08,-3.6601973167745046e-07,6.105340220723454e-08,5.024591498826623e-08,7.907066392845344e-08,1.0478470881923226e-07,1803415680.907898,706760.9971984277,2.2271657050148484e-09,1.960050930834133e-09,2.0720621149375665e-09,2.0245925077208343e-09,1.0
2020-02-04 17:00:00,-2.3160605411915637e-08,-4.475056983019203e-07,7.81900493163292e-08,8.701345863046913e-08,1.1698301498476758e-07,1.1925367683209105e-07,1804268299.5458202,706795.5968262654,2.1527773806380726e-09,1.871094934223343e-09,2.031769719056008e-09,2.025940552799048e-09,1.0
2020-02-04 18:00:00,-2.269571797009986e-09,-5.526760307559732e-07,1.8924955660025515e-07,1.5456845314033085e-07,2.4434975215781954e-07,2.4436029206016597e-07,1803115178.5106983,706515.9589817413,2.0703235386860186e-09,1.7760034606578522e-09,1.8992560354734916e-09,1.8992457482480967e-09,1.0
2020-02-04 19:00:00,9.581541113686819e-08,-5.920617384238814e-07,2.789429131711731e-07,1.9618969554848736e-07,3.4102719165460803e-07,3.5423175811769876e-07,1804238970.626007,706361.0991676383,1.916308091265846e-09,1.6512221780658968e-09,1.7434228979197802e-09,1.7368431085449864e-09,1.0
2020-02-04 20:00:00,5.291740525925694e-08,-5.473157374960103e-07,2.4033899517711443e-07,1.809612974677311e-07,3.008485063681548e-07,3.054669794974935e-07,1804359650.2910042,706140.0631922053,1.9055360358067756e-09,1.6671509953292e-09,1.7571378887930135e-09,1.7545045428991192e-09,1.0
2020-02-04 21:00:00,4.078010948505397e-08,-5.792406170251566e-07,2.458538545354727e-07,1.8972872456235893e-07,3.105496847752527e-07,3.1321577872709703e-07,1804926257.7037773,705957.1006857526,2.016222539850024e-09,1.7876166671273024e-09,1.8762055311419425e-09,1.874738692215585e-09,1.0
2020-02-04 22:00:00,2.4105502834352445e-08,-4.83149243724172e-07,1.7693348965009052e-07,1.0399612115390402e-07,2.0523316733612082e-07,2.0664396492932753e-07,1804890159.9278336,705691.2808036439,2.171817364211749e-09,1.9897107799092723e-09,2.038022991158439e-09,2.0373732583926896e-09,1.0
2020-02-04 23:00:00,4.170046296208784e-08,-3.132211305134556e-07,7.24468548701699e-08,3.3062029273874684e-08,7.963444330367361e-08,8.989200838527565e-08,1805238509.0874233,705633.6009682373,2.39864064099565e-09,2.2673011005633958e-09,2.2904771138627696e-09,2.2855095122547488e-09,1.0
2020-02-05 00:00:00,,,,,,,1805431897.2342587,705643.5764274222,,,,,1.0
